my_team_picks,enemy_team_picks,my_bans,enemy_bans,first_pick_team,winner
"[{""hero_code"": ""c2011"", ""pick_order"": 1}, {""hero_code"": ""c5110"", ""pick_order"": 4}, {""hero_code"": ""c1153"", ""pick_order"": 5}, {""hero_code"": ""c2090"", ""pick_order"": 8}, {""hero_code"": ""c2073"", ""pick_order"": 9}]","[{""hero_code"": ""c2007"", ""pick_order"": 2}, {""hero_code"": ""c2042"", ""pick_order"": 3}, {""hero_code"": ""c2079"", ""pick_order"": 6}, {""hero_code"": ""c2109"", ""pick_order"": 7}, {""hero_code"": ""c1103"", ""pick_order"": 10}]","[""c4158"", ""c2066""]","[""c1133"", ""c2066""]",my_team,my_team
"[{""hero_code"": ""c2011"", ""pick_order"": 1}, {""hero_code"": ""c5110"", ""pick_order"": 4}, {""hero_code"": ""c1153"", ""pick_order"": 5}, {""hero_code"": ""c1089"", ""pick_order"": 8}, {""hero_code"": ""c2090"", ""pick_order"": 9}]","[{""hero_code"": ""c2008"", ""pick_order"": 2}, {""hero_code"": ""c1019"", ""pick_order"": 3}, {""hero_code"": ""c2039"", ""pick_order"": 6}, {""hero_code"": ""c1102"", ""pick_order"": 7}, {""hero_code"": ""c1103"", ""pick_order"": 10}]","[""c2066"", """"]","[""c2113"", """"]",my_team,my_team
"[{""hero_code"": ""c5110"", ""pick_order"": 2}, {""hero_code"": ""c2007"", ""pick_order"": 3}, {""hero_code"": ""c2008"", ""pick_order"": 6}, {""hero_code"": ""c2109"", ""pick_order"": 7}, {""hero_code"": ""c2074"", ""pick_order"": 10}]","[{""hero_code"": ""c2011"", ""pick_order"": 1}, {""hero_code"": ""c1153"", ""pick_order"": 4}, {""hero_code"": ""c2024"", ""pick_order"": 5}, {""hero_code"": ""c1102"", ""pick_order"": 8}, {""hero_code"": ""c2079"", ""pick_order"": 9}]","[""c2066"", """"]","[""c2090"", """"]",enemy_team,enemy_team
"[{""hero_code"": ""c2011"", ""pick_order"": 1}, {""hero_code"": ""c5110"", ""pick_order"": 4}, {""hero_code"": ""c1153"", ""pick_order"": 5}, {""hero_code"": ""c1089"", ""pick_order"": 8}, {""hero_code"": ""c2007"", ""pick_order"": 9}]","[{""hero_code"": ""c2106"", ""pick_order"": 2}, {""hero_code"": ""c2090"", ""pick_order"": 3}, {""hero_code"": ""c1055"", ""pick_order"": 6}, {""hero_code"": ""c2039"", ""pick_order"": 7}, {""hero_code"": ""c1134"", ""pick_order"": 10}]","[""c4158"", ""c2066""]","[""c2066"", ""c2113""]",my_team,my_team
"[{""hero_code"": ""c5110"", ""pick_order"": 2}, {""hero_code"": ""c2090"", ""pick_order"": 3}, {""hero_code"": ""c2109"", ""pick_order"": 6}, {""hero_code"": ""c1100"", ""pick_order"": 7}, {""hero_code"": ""c2007"", ""pick_order"": 10}]","[{""hero_code"": ""c2008"", ""pick_order"": 1}, {""hero_code"": ""c6037"", ""pick_order"": 4}, {""hero_code"": ""c1103"", ""pick_order"": 5}, {""hero_code"": ""c5111"", ""pick_order"": 8}, {""hero_code"": ""c1019"", ""pick_order"": 9}]","[""c4158"", ""c2066""]","[""c2011"", ""c1153""]",enemy_team,my_team
"[{""hero_code"": ""c5110"", ""pick_order"": 1}, {""hero_code"": ""c2007"", ""pick_order"": 4}, {""hero_code"": ""c2073"", ""pick_order"": 5}, {""hero_code"": ""c2109"", ""pick_order"": 8}, {""hero_code"": ""c2008"", ""pick_order"": 9}]","[{""hero_code"": ""c2011"", ""pick_order"": 2}, {""hero_code"": ""c2090"", ""pick_order"": 3}, {""hero_code"": ""c1151"", ""pick_order"": 6}, {""hero_code"": ""c2009"", ""pick_order"": 7}, {""hero_code"": ""c1112"", ""pick_order"": 10}]","[""c2066"", ""c4158""]","[""c1153"", ""c4158""]",my_team,my_team
"[{""hero_code"": ""c2011"", ""pick_order"": 1}, {""hero_code"": ""c2008"", ""pick_order"": 4}, {""hero_code"": ""c1153"", ""pick_order"": 5}, {""hero_code"": ""c2007"", ""pick_order"": 8}, {""hero_code"": ""c1089"", ""pick_order"": 9}]","[{""hero_code"": ""c1163"", ""pick_order"": 2}, {""hero_code"": ""c1103"", ""pick_order"": 3}, {""hero_code"": ""c2103"", ""pick_order"": 6}, {""hero_code"": ""c2009"", ""pick_order"": 7}, {""hero_code"": ""c2024"", ""pick_order"": 10}]","[""c4158"", ""c2066""]","[""c1151"", ""c5110""]",my_team,enemy_team
"[{""hero_code"": ""c5110"", ""pick_order"": 2}, {""hero_code"": ""c2090"", ""pick_order"": 3}, {""hero_code"": ""c1153"", ""pick_order"": 6}, {""hero_code"": ""c1089"", ""pick_order"": 7}, {""hero_code"": ""c2007"", ""pick_order"": 10}]","[{""hero_code"": ""c2036"", ""pick_order"": 1}, {""hero_code"": ""c2042"", ""pick_order"": 4}, {""hero_code"": ""c2074"", ""pick_order"": 5}, {""hero_code"": ""c2013"", ""pick_order"": 8}, {""hero_code"": ""c6008"", ""pick_order"": 9}]","[""c2066"", ""c4158""]","[""c2011"", ""c2112""]",enemy_team,my_team
"[{""hero_code"": ""c5110"", ""pick_order"": 1}, {""hero_code"": ""c2011"", ""pick_order"": 4}, {""hero_code"": ""c2024"", ""pick_order"": 5}, {""hero_code"": ""c2090"", ""pick_order"": 8}, {""hero_code"": ""c2109"", ""pick_order"": 9}]","[{""hero_code"": ""c1091"", ""pick_order"": 2}, {""hero_code"": ""c2007"", ""pick_order"": 3}, {""hero_code"": ""c6062"", ""pick_order"": 6}, {""hero_code"": ""c1019"", ""pick_order"": 7}, {""hero_code"": ""c1112"", ""pick_order"": 10}]","[""c4158"", ""c2066""]","[""c2066"", ""c1153""]",my_team,my_team
"[{""hero_code"": ""c5110"", ""pick_order"": 1}, {""hero_code"": ""c2109"", ""pick_order"": 4}, {""hero_code"": ""c1153"", ""pick_order"": 5}, {""hero_code"": ""c2007"", ""pick_order"": 8}, {""hero_code"": ""c1089"", ""pick_order"": 9}]","[{""hero_code"": ""c2011"", ""pick_order"": 2}, {""hero_code"": ""c2089"", ""pick_order"": 3}, {""hero_code"": ""c1159"", ""pick_order"": 6}, {""hero_code"": ""c2110"", ""pick_order"": 7}, {""hero_code"": ""c5024"", ""pick_order"": 10}]","[""c4158"", ""c2066""]","[""c1151"", ""c2112""]",my_team,my_team
"[{""hero_code"": ""c5110"", ""pick_order"": 1}, {""hero_code"": ""c2011"", ""pick_order"": 4}, {""hero_code"": ""c1153"", ""pick_order"": 5}, {""hero_code"": ""c2007"", ""pick_order"": 8}, {""hero_code"": ""c1089"", ""pick_order"": 9}]","[{""hero_code"": ""c1074"", ""pick_order"": 2}, {""hero_code"": ""c2042"", ""pick_order"": 3}, {""hero_code"": ""c2079"", ""pick_order"": 6}, {""hero_code"": ""c6062"", ""pick_order"": 7}, {""hero_code"": ""c2022"", ""pick_order"": 10}]","[""c4158"", ""c2066""]","[""c2106"", ""c2066""]",my_team,my_team
"[{""hero_code"": ""c2011"", ""pick_order"": 1}, {""hero_code"": ""c1089"", ""pick_order"": 4}, {""hero_code"": ""c1153"", ""pick_order"": 5}, {""hero_code"": ""c2007"", ""pick_order"": 8}, {""hero_code"": ""c1100"", ""pick_order"": 9}]","[{""hero_code"": ""c2090"", ""pick_order"": 2}, {""hero_code"": ""c1070"", ""pick_order"": 3}, {""hero_code"": ""c1129"", ""pick_order"": 6}, {""hero_code"": ""c2079"", ""pick_order"": 7}, {""hero_code"": ""c2073"", ""pick_order"": 10}]","[""c4158"", ""c2066""]","[""c5110"", ""c2066""]",my_team,my_team
"[{""hero_code"": ""c2090"", ""pick_order"": 2}, {""hero_code"": ""c2109"", ""pick_order"": 3}, {""hero_code"": ""c1153"", ""pick_order"": 6}, {""hero_code"": ""c2007"", ""pick_order"": 7}, {""hero_code"": ""c1089"", ""pick_order"": 10}]","[{""hero_code"": ""c1055"", ""pick_order"": 1}, {""hero_code"": ""c2088"", ""pick_order"": 4}, {""hero_code"": ""c6017"", ""pick_order"": 5}, {""hero_code"": ""c4144"", ""pick_order"": 8}, {""hero_code"": ""c2079"", ""pick_order"": 9}]","[""c2066"", ""c5110""]","[""c2113"", ""c2011""]",enemy_team,my_team
"[{""hero_code"": ""c1100"", ""pick_order"": 2}, {""hero_code"": ""c2090"", ""pick_order"": 3}, {""hero_code"": ""c1153"", ""pick_order"": 6}, {""hero_code"": ""c2007"", ""pick_order"": 7}, {""hero_code"": ""c2012"", ""pick_order"": 10}]","[{""hero_code"": ""c2008"", ""pick_order"": 1}, {""hero_code"": ""c1103"", ""pick_order"": 4}, {""hero_code"": ""c6017"", ""pick_order"": 5}, {""hero_code"": ""c2109"", ""pick_order"": 8}, {""hero_code"": ""c4144"", ""pick_order"": 9}]","[""c5110"", ""c2066""]","[""c2011"", ""c6037""]",enemy_team,my_team
"[{""hero_code"": ""c2011"", ""pick_order"": 2}, {""hero_code"": ""c2090"", ""pick_order"": 3}, {""hero_code"": ""c1153"", ""pick_order"": 6}, {""hero_code"": ""c2007"", ""pick_order"": 7}, {""hero_code"": ""c1089"", ""pick_order"": 10}]","[{""hero_code"": ""c4004"", ""pick_order"": 1}, {""hero_code"": ""c4144"", ""pick_order"": 4}, {""hero_code"": ""c4158"", ""pick_order"": 5}, {""hero_code"": ""c2024"", ""pick_order"": 8}, {""hero_code"": ""c2088"", ""pick_order"": 9}]","[""c5110"", """"]","[""c2066"", """"]",enemy_team,my_team
"[{""hero_code"": ""c2011"", ""pick_order"": 1}, {""hero_code"": ""c2008"", ""pick_order"": 4}, {""hero_code"": ""c2073"", ""pick_order"": 5}, {""hero_code"": ""c1100"", ""pick_order"": 8}, {""hero_code"": ""c2012"", ""pick_order"": 9}]","[{""hero_code"": ""c2066"", ""pick_order"": 2}, {""hero_code"": ""c1163"", ""pick_order"": 3}, {""hero_code"": ""c1055"", ""pick_order"": 6}, {""hero_code"": ""c2106"", ""pick_order"": 7}, {""hero_code"": ""c1019"", ""pick_order"": 10}]","[""c5110"", ""c4158""]","[""c2090"", ""c1153""]",my_team,enemy_team
"[{""hero_code"": ""c2090"", ""pick_order"": 2}, {""hero_code"": ""c2008"", ""pick_order"": 3}, {""hero_code"": ""c2007"", ""pick_order"": 6}, {""hero_code"": ""c1089"", ""pick_order"": 7}, {""hero_code"": ""c1088"", ""pick_order"": 10}]","[{""hero_code"": ""c2006"", ""pick_order"": 1}, {""hero_code"": ""c2088"", ""pick_order"": 4}, {""hero_code"": ""c1153"", ""pick_order"": 5}, {""hero_code"": ""c2082"", ""pick_order"": 8}, {""hero_code"": ""c1133"", ""pick_order"": 9}]","[""c4158"", ""c5110""]","[""c2011"", ""c4158""]",enemy_team,my_team
"[{""hero_code"": ""c2090"", ""pick_order"": 1}, {""hero_code"": ""c2089"", ""pick_order"": 4}, {""hero_code"": ""c2109"", ""pick_order"": 5}, {""hero_code"": ""c2011"", ""pick_order"": 8}, {""hero_code"": ""c2008"", ""pick_order"": 9}]","[{""hero_code"": ""c2042"", ""pick_order"": 2}, {""hero_code"": ""c1103"", ""pick_order"": 3}, {""hero_code"": ""c5089"", ""pick_order"": 6}, {""hero_code"": ""c6037"", ""pick_order"": 7}, {""hero_code"": ""c1151"", ""pick_order"": 10}]","[""c4158"", ""c5110""]","[""c1153"", ""c5110""]",my_team,enemy_team
"[{""hero_code"": ""c2090"", ""pick_order"": 2}, {""hero_code"": ""c2109"", ""pick_order"": 3}, {""hero_code"": ""c2008"", ""pick_order"": 6}, {""hero_code"": ""c2007"", ""pick_order"": 7}, {""hero_code"": ""c1089"", ""pick_order"": 10}]","[{""hero_code"": ""c2011"", ""pick_order"": 1}, {""hero_code"": ""c1101"", ""pick_order"": 4}, {""hero_code"": ""c1153"", ""pick_order"": 5}, {""hero_code"": ""c1103"", ""pick_order"": 8}, {""hero_code"": ""c2039"", ""pick_order"": 9}]","[""c2113"", ""c5110""]","[""c2113"", ""c2042""]",enemy_team,my_team
"[{""hero_code"": ""c2011"", ""pick_order"": 2}, {""hero_code"": ""c2007"", ""pick_order"": 3}, {""hero_code"": ""c2090"", ""pick_order"": 6}, {""hero_code"": ""c1089"", ""pick_order"": 7}, {""hero_code"": ""c2008"", ""pick_order"": 10}]","[{""hero_code"": ""c5110"", ""pick_order"": 1}, {""hero_code"": ""c1153"", ""pick_order"": 4}, {""hero_code"": ""c2024"", ""pick_order"": 5}, {""hero_code"": ""c1112"", ""pick_order"": 8}, {""hero_code"": ""c1103"", ""pick_order"": 9}]","[""c2113"", """"]","[""c2066"", """"]",enemy_team,enemy_team
"[{""hero_code"": ""c2090"", ""pick_order"": 1}, {""hero_code"": ""c2011"", ""pick_order"": 4}, {""hero_code"": ""c1100"", ""pick_order"": 5}, {""hero_code"": ""c2007"", ""pick_order"": 8}, {""hero_code"": ""c1089"", ""pick_order"": 9}]","[{""hero_code"": ""c1153"", ""pick_order"": 2}, {""hero_code"": ""c1103"", ""pick_order"": 3}, {""hero_code"": ""c6037"", ""pick_order"": 6}, {""hero_code"": ""c1055"", ""pick_order"": 7}, {""hero_code"": ""c4004"", ""pick_order"": 10}]","[""c2066"", ""c4158""]","[""c2066"", ""c2132""]",my_team,my_team
"[{""hero_code"": ""c2011"", ""pick_order"": 1}, {""hero_code"": ""c1089"", ""pick_order"": 4}, {""hero_code"": ""c1153"", ""pick_order"": 5}, {""hero_code"": ""c2007"", ""pick_order"": 8}, {""hero_code"": ""c2074"", ""pick_order"": 9}]","[{""hero_code"": ""c1159"", ""pick_order"": 2}, {""hero_code"": ""c2109"", ""pick_order"": 3}, {""hero_code"": ""c2079"", ""pick_order"": 6}, {""hero_code"": ""c2039"", ""pick_order"": 7}, {""hero_code"": ""c2111"", ""pick_order"": 10}]","[""c4158"", ""c2066""]","[""c2090"", ""c2112""]",my_team,my_team
"[{""hero_code"": ""c2090"", ""pick_order"": 1}, {""hero_code"": ""c2073"", ""pick_order"": 4}, {""hero_code"": ""c2011"", ""pick_order"": 5}, {""hero_code"": ""c5071"", ""pick_order"": 8}, {""hero_code"": ""c2008"", ""pick_order"": 9}]","[{""hero_code"": ""c2066"", ""pick_order"": 2}, {""hero_code"": ""c2007"", ""pick_order"": 3}, {""hero_code"": ""c1118"", ""pick_order"": 6}, {""hero_code"": ""c5024"", ""pick_order"": 7}, {""hero_code"": ""c1103"", ""pick_order"": 10}]","[""c4158"", """"]","[""c1153"", """"]",my_team,enemy_team
"[{""hero_code"": ""c2090"", ""pick_order"": 1}, {""hero_code"": ""c2007"", ""pick_order"": 4}, {""hero_code"": ""c1153"", ""pick_order"": 5}, {""hero_code"": ""c2109"", ""pick_order"": 8}, {""hero_code"": ""c1100"", ""pick_order"": 9}]","[{""hero_code"": ""c2073"", ""pick_order"": 2}, {""hero_code"": ""c2088"", ""pick_order"": 3}, {""hero_code"": ""c2006"", ""pick_order"": 6}, {""hero_code"": ""c2071"", ""pick_order"": 7}, {""hero_code"": ""c2079"", ""pick_order"": 10}]","[""c4158"", ""c2066""]","[""c2011"", ""c1055""]",my_team,enemy_team
"[{""hero_code"": ""c2011"", ""pick_order"": 1}, {""hero_code"": ""c2007"", ""pick_order"": 4}, {""hero_code"": ""c1153"", ""pick_order"": 5}, {""hero_code"": ""c2090"", ""pick_order"": 8}, {""hero_code"": ""c1089"", ""pick_order"": 9}]","[{""hero_code"": ""c2042"", ""pick_order"": 2}, {""hero_code"": ""c2112"", ""pick_order"": 3}, {""hero_code"": ""c1133"", ""pick_order"": 6}, {""hero_code"": ""c2024"", ""pick_order"": 7}, {""hero_code"": ""c4144"", ""pick_order"": 10}]","[""c2113"", ""c2066""]","[""c2066"", ""c1159""]",my_team,my_team
"[{""hero_code"": ""c2090"", ""pick_order"": 2}, {""hero_code"": ""c2073"", ""pick_order"": 3}, {""hero_code"": ""c1153"", ""pick_order"": 6}, {""hero_code"": ""c2109"", ""pick_order"": 7}, {""hero_code"": ""c2007"", ""pick_order"": 10}]","[{""hero_code"": ""c2008"", ""pick_order"": 1}, {""hero_code"": ""c1103"", ""pick_order"": 4}, {""hero_code"": ""c1019"", ""pick_order"": 5}, {""hero_code"": ""c1102"", ""pick_order"": 8}, {""hero_code"": ""c1100"", ""pick_order"": 9}]","[""c2113"", ""c1133""]","[""c1055"", ""c2011""]",enemy_team,my_team
"[{""hero_code"": ""c2011"", ""pick_order"": 2}, {""hero_code"": ""c2090"", ""pick_order"": 3}, {""hero_code"": ""c1153"", ""pick_order"": 6}, {""hero_code"": ""c2007"", ""pick_order"": 7}, {""hero_code"": ""c1089"", ""pick_order"": 10}]","[{""hero_code"": ""c1055"", ""pick_order"": 1}, {""hero_code"": ""c2073"", ""pick_order"": 4}, {""hero_code"": ""c1103"", ""pick_order"": 5}, {""hero_code"": ""c1019"", ""pick_order"": 8}, {""hero_code"": ""c2079"", ""pick_order"": 9}]","[""c2113"", """"]","[""c1151"", """"]",enemy_team,my_team
"[{""hero_code"": ""c2011"", ""pick_order"": 2}, {""hero_code"": ""c2007"", ""pick_order"": 3}, {""hero_code"": ""c2090"", ""pick_order"": 6}, {""hero_code"": ""c1089"", ""pick_order"": 7}, {""hero_code"": ""c2109"", ""pick_order"": 10}]","[{""hero_code"": ""c4158"", ""pick_order"": 1}, {""hero_code"": ""c1071"", ""pick_order"": 4}, {""hero_code"": ""c1153"", ""pick_order"": 5}, {""hero_code"": ""c2024"", ""pick_order"": 8}, {""hero_code"": ""c2106"", ""pick_order"": 9}]","[""c2113"", """"]","[""c2066"", """"]",enemy_team,my_team
"[{""hero_code"": ""c2011"", ""pick_order"": 2}, {""hero_code"": ""c2090"", ""pick_order"": 3}, {""hero_code"": ""c1153"", ""pick_order"": 6}, {""hero_code"": ""c1089"", ""pick_order"": 7}, {""hero_code"": ""c2007"", ""pick_order"": 10}]","[{""hero_code"": ""c2016"", ""pick_order"": 1}, {""hero_code"": ""c2113"", ""pick_order"": 4}, {""hero_code"": ""c2073"", ""pick_order"": 5}, {""hero_code"": ""c2079"", ""pick_order"": 8}, {""hero_code"": ""c2039"", ""pick_order"": 9}]","[""c1133"", """"]","[""c2066"", """"]",enemy_team,my_team
"[{""hero_code"": ""c2011"", ""pick_order"": 2}, {""hero_code"": ""c2090"", ""pick_order"": 3}, {""hero_code"": ""c1153"", ""pick_order"": 6}, {""hero_code"": ""c2007"", ""pick_order"": 7}, {""hero_code"": ""c1089"", ""pick_order"": 10}]","[{""hero_code"": ""c2106"", ""pick_order"": 1}, {""hero_code"": ""c1159"", ""pick_order"": 4}, {""hero_code"": ""c6037"", ""pick_order"": 5}, {""hero_code"": ""c1019"", ""pick_order"": 8}, {""hero_code"": ""c4144"", ""pick_order"": 9}]","[""c2066"", """"]","[""c2066"", """"]",enemy_team,my_team
"[{""hero_code"": ""c4004"", ""pick_order"": 2}, {""hero_code"": ""c2109"", ""pick_order"": 3}, {""hero_code"": ""c2011"", ""pick_order"": 6}, {""hero_code"": ""c2007"", ""pick_order"": 7}, {""hero_code"": ""c1103"", ""pick_order"": 10}]","[{""hero_code"": ""c2089"", ""pick_order"": 1}, {""hero_code"": ""c1110"", ""pick_order"": 4}, {""hero_code"": ""c1034"", ""pick_order"": 5}, {""hero_code"": ""c2024"", ""pick_order"": 8}, {""hero_code"": ""c6062"", ""pick_order"": 9}]","[""c2066"", """"]","[""c1153"", """"]",enemy_team,enemy_team
"[{""hero_code"": ""c2011"", ""pick_order"": 1}, {""hero_code"": ""c2007"", ""pick_order"": 4}, {""hero_code"": ""c1153"", ""pick_order"": 5}, {""hero_code"": ""c1089"", ""pick_order"": 8}, {""hero_code"": ""c2090"", ""pick_order"": 9}]","[{""hero_code"": ""c2008"", ""pick_order"": 2}, {""hero_code"": ""c2073"", ""pick_order"": 3}, {""hero_code"": ""c1134"", ""pick_order"": 6}, {""hero_code"": ""c1100"", ""pick_order"": 7}, {""hero_code"": ""c4158"", ""pick_order"": 10}]","[""c2113"", """"]","[""c2066"", """"]",my_team,enemy_team
"[{""hero_code"": ""c2090"", ""pick_order"": 2}, {""hero_code"": ""c2073"", ""pick_order"": 3}, {""hero_code"": ""c2011"", ""pick_order"": 6}, {""hero_code"": ""c2109"", ""pick_order"": 7}, {""hero_code"": ""c1089"", ""pick_order"": 10}]","[{""hero_code"": ""c6062"", ""pick_order"": 1}, {""hero_code"": ""c2088"", ""pick_order"": 4}, {""hero_code"": ""c1143"", ""pick_order"": 5}, {""hero_code"": ""c2006"", ""pick_order"": 8}, {""hero_code"": ""c2024"", ""pick_order"": 9}]","[""c1133"", ""c2102""]","[""c2113"", ""c1153""]",enemy_team,enemy_team
"[{""hero_code"": ""c2011"", ""pick_order"": 1}, {""hero_code"": ""c2090"", ""pick_order"": 4}, {""hero_code"": ""c1153"", ""pick_order"": 5}, {""hero_code"": ""c2007"", ""pick_order"": 8}, {""hero_code"": ""c1089"", ""pick_order"": 9}]","[{""hero_code"": ""c1117"", ""pick_order"": 2}, {""hero_code"": ""c2002"", ""pick_order"": 3}, {""hero_code"": ""c1133"", ""pick_order"": 6}, {""hero_code"": ""c1103"", ""pick_order"": 7}, {""hero_code"": ""c1118"", ""pick_order"": 10}]","[""c2112"", """"]","[""c3002"", """"]",my_team,my_team
"[{""hero_code"": ""c2011"", ""pick_order"": 1}, {""hero_code"": ""c2007"", ""pick_order"": 4}, {""hero_code"": ""c1153"", ""pick_order"": 5}, {""hero_code"": ""c1089"", ""pick_order"": 8}, {""hero_code"": ""c2109"", ""pick_order"": 9}]","[{""hero_code"": ""c2090"", ""pick_order"": 2}, {""hero_code"": ""c1055"", ""pick_order"": 3}, {""hero_code"": ""c1133"", ""pick_order"": 6}, {""hero_code"": ""c4158"", ""pick_order"": 7}, {""hero_code"": ""c1102"", ""pick_order"": 10}]","[""c2066"", """"]","[""c2066"", """"]",my_team,my_team
"[{""hero_code"": ""c2011"", ""pick_order"": 1}, {""hero_code"": ""c2007"", ""pick_order"": 4}, {""hero_code"": ""c1153"", ""pick_order"": 5}, {""hero_code"": ""c2073"", ""pick_order"": 8}, {""hero_code"": ""c1089"", ""pick_order"": 9}]","[{""hero_code"": ""c2016"", ""pick_order"": 2}, {""hero_code"": ""c2090"", ""pick_order"": 3}, {""hero_code"": ""c2085"", ""pick_order"": 6}, {""hero_code"": ""c2113"", ""pick_order"": 7}, {""hero_code"": ""c2102"", ""pick_order"": 10}]","[""c2112"", """"]","[""c2109"", """"]",my_team,my_team
"[{""hero_code"": ""c2109"", ""pick_order"": 2}, {""hero_code"": ""c2007"", ""pick_order"": 3}, {""hero_code"": ""c1153"", ""pick_order"": 6}, {""hero_code"": ""c1089"", ""pick_order"": 7}, {""hero_code"": ""c2008"", ""pick_order"": 10}]","[{""hero_code"": ""c1133"", ""pick_order"": 1}, {""hero_code"": ""c1055"", ""pick_order"": 4}, {""hero_code"": ""c2024"", ""pick_order"": 5}, {""hero_code"": ""c6062"", ""pick_order"": 8}, {""hero_code"": ""c2023"", ""pick_order"": 9}]","[""c2112"", """"]","[""c2011"", """"]",enemy_team,enemy_team
"[{""hero_code"": ""c2011"", ""pick_order"": 1}, {""hero_code"": ""c1089"", ""pick_order"": 4}, {""hero_code"": ""c1153"", ""pick_order"": 5}, {""hero_code"": ""c2007"", ""pick_order"": 8}, {""hero_code"": ""c2073"", ""pick_order"": 9}]","[{""hero_code"": ""c5046"", ""pick_order"": 2}, {""hero_code"": ""c1103"", ""pick_order"": 3}, {""hero_code"": ""c1159"", ""pick_order"": 6}, {""hero_code"": ""c2106"", ""pick_order"": 7}, {""hero_code"": ""c2024"", ""pick_order"": 10}]","[""c2066"", """"]","[""c2066"", """"]",my_team,my_team
"[{""hero_code"": ""c2011"", ""pick_order"": 1}, {""hero_code"": ""c2090"", ""pick_order"": 4}, {""hero_code"": ""c1153"", ""pick_order"": 5}, {""hero_code"": ""c2007"", ""pick_order"": 8}, {""hero_code"": ""c1089"", ""pick_order"": 9}]","[{""hero_code"": ""c1151"", ""pick_order"": 2}, {""hero_code"": ""c1133"", ""pick_order"": 3}, {""hero_code"": ""c2109"", ""pick_order"": 6}, {""hero_code"": ""c2113"", ""pick_order"": 7}, {""hero_code"": ""c1102"", ""pick_order"": 10}]","[""c2066"", """"]","[""c2112"", """"]",my_team,my_team
"[{""hero_code"": ""c2007"", ""pick_order"": 2}, {""hero_code"": ""c2011"", ""pick_order"": 3}, {""hero_code"": ""c2073"", ""pick_order"": 6}, {""hero_code"": ""c2090"", ""pick_order"": 7}, {""hero_code"": ""c1089"", ""pick_order"": 10}]","[{""hero_code"": ""c2113"", ""pick_order"": 1}, {""hero_code"": ""c6062"", ""pick_order"": 4}, {""hero_code"": ""c1153"", ""pick_order"": 5}, {""hero_code"": ""c1103"", ""pick_order"": 8}, {""hero_code"": ""c2009"", ""pick_order"": 9}]","[""c2066"", """"]","[""c2066"", """"]",enemy_team,enemy_team
"[{""hero_code"": ""c2011"", ""pick_order"": 1}, {""hero_code"": ""c2089"", ""pick_order"": 4}, {""hero_code"": ""c2109"", ""pick_order"": 5}, {""hero_code"": ""c2073"", ""pick_order"": 8}, {""hero_code"": ""c2007"", ""pick_order"": 9}]","[{""hero_code"": ""c1144"", ""pick_order"": 2}, {""hero_code"": ""c1133"", ""pick_order"": 3}, {""hero_code"": ""c1102"", ""pick_order"": 6}, {""hero_code"": ""c1141"", ""pick_order"": 7}, {""hero_code"": ""c1159"", ""pick_order"": 10}]","[""c2113"", """"]","[""c1153"", """"]",my_team,my_team
"[{""hero_code"": ""c2011"", ""pick_order"": 1}, {""hero_code"": ""c2090"", ""pick_order"": 4}, {""hero_code"": ""c1153"", ""pick_order"": 5}, {""hero_code"": ""c1089"", ""pick_order"": 8}, {""hero_code"": ""c2007"", ""pick_order"": 9}]","[{""hero_code"": ""c2066"", ""pick_order"": 2}, {""hero_code"": ""c4004"", ""pick_order"": 3}, {""hero_code"": ""c2079"", ""pick_order"": 6}, {""hero_code"": ""c2073"", ""pick_order"": 7}, {""hero_code"": ""c2070"", ""pick_order"": 10}]","[""c2113"", """"]","[""c2106"", """"]",my_team,my_team
"[{""hero_code"": ""c2090"", ""pick_order"": 1}, {""hero_code"": ""c2109"", ""pick_order"": 4}, {""hero_code"": ""c1153"", ""pick_order"": 5}, {""hero_code"": ""c1089"", ""pick_order"": 8}, {""hero_code"": ""c2011"", ""pick_order"": 9}]","[{""hero_code"": ""c1019"", ""pick_order"": 2}, {""hero_code"": ""c1101"", ""pick_order"": 3}, {""hero_code"": ""c6062"", ""pick_order"": 6}, {""hero_code"": ""c1117"", ""pick_order"": 7}, {""hero_code"": ""c1100"", ""pick_order"": 10}]","[""c2113"", """"]","[""c2066"", """"]",my_team,my_team
"[{""hero_code"": ""c2089"", ""pick_order"": 2}, {""hero_code"": ""c2090"", ""pick_order"": 3}, {""hero_code"": ""c2109"", ""pick_order"": 6}, {""hero_code"": ""c2073"", ""pick_order"": 7}, {""hero_code"": ""c2011"", ""pick_order"": 10}]","[{""hero_code"": ""c1103"", ""pick_order"": 1}, {""hero_code"": ""c6037"", ""pick_order"": 4}, {""hero_code"": ""c2066"", ""pick_order"": 5}, {""hero_code"": ""c2012"", ""pick_order"": 8}, {""hero_code"": ""c1159"", ""pick_order"": 9}]","[""c2113"", """"]","[""c1153"", """"]",enemy_team,my_team
"[{""hero_code"": ""c2008"", ""pick_order"": 1}, {""hero_code"": ""c2090"", ""pick_order"": 4}, {""hero_code"": ""c2109"", ""pick_order"": 5}, {""hero_code"": ""c1103"", ""pick_order"": 8}, {""hero_code"": ""c2074"", ""pick_order"": 9}]","[{""hero_code"": ""c1133"", ""pick_order"": 2}, {""hero_code"": ""c1151"", ""pick_order"": 3}, {""hero_code"": ""c2102"", ""pick_order"": 6}, {""hero_code"": ""c2069"", ""pick_order"": 7}, {""hero_code"": ""c2007"", ""pick_order"": 10}]","[""c2066"", """"]","[""c2016"", """"]",my_team,enemy_team
"[{""hero_code"": ""c2008"", ""pick_order"": 1}, {""hero_code"": ""c2090"", ""pick_order"": 4}, {""hero_code"": ""c2073"", ""pick_order"": 5}, {""hero_code"": ""c2012"", ""pick_order"": 8}, {""hero_code"": ""c2074"", ""pick_order"": 9}]","[{""hero_code"": ""c2109"", ""pick_order"": 2}, {""hero_code"": ""c2046"", ""pick_order"": 3}, {""hero_code"": ""c2009"", ""pick_order"": 6}, {""hero_code"": ""c1103"", ""pick_order"": 7}, {""hero_code"": ""c2103"", ""pick_order"": 10}]","[""c2066"", """"]","[""c1151"", """"]",my_team,enemy_team
"[{""hero_code"": ""c2090"", ""pick_order"": 2}, {""hero_code"": ""c2073"", ""pick_order"": 3}, {""hero_code"": ""c1102"", ""pick_order"": 6}, {""hero_code"": ""c2012"", ""pick_order"": 7}, {""hero_code"": ""c2074"", ""pick_order"": 10}]","[{""hero_code"": ""c1153"", ""pick_order"": 1}, {""hero_code"": ""c2109"", ""pick_order"": 4}, {""hero_code"": ""c2039"", ""pick_order"": 5}, {""hero_code"": ""c1100"", ""pick_order"": 8}, {""hero_code"": ""c2050"", ""pick_order"": 9}]","[""c2011"", """"]","[""c2011"", """"]",enemy_team,my_team
"[{""hero_code"": ""c2090"", ""pick_order"": 1}, {""hero_code"": ""c2109"", ""pick_order"": 4}, {""hero_code"": ""c1103"", ""pick_order"": 5}, {""hero_code"": ""c2074"", ""pick_order"": 8}, {""hero_code"": ""c2008"", ""pick_order"": 9}]","[{""hero_code"": ""c1137"", ""pick_order"": 2}, {""hero_code"": ""c4004"", ""pick_order"": 3}, {""hero_code"": ""c2011"", ""pick_order"": 6}, {""hero_code"": ""c1121"", ""pick_order"": 7}, {""hero_code"": ""c1102"", ""pick_order"": 10}]","[""c2066"", """"]","[""c2066"", """"]",my_team,my_team
"[{""hero_code"": ""c2090"", ""pick_order"": 1}, {""hero_code"": ""c2073"", ""pick_order"": 4}, {""hero_code"": ""c1103"", ""pick_order"": 5}, {""hero_code"": ""c2022"", ""pick_order"": 8}, {""hero_code"": ""c2074"", ""pick_order"": 9}]","[{""hero_code"": ""c1151"", ""pick_order"": 2}, {""hero_code"": ""c1158"", ""pick_order"": 3}, {""hero_code"": ""c1147"", ""pick_order"": 6}, {""hero_code"": ""c2066"", ""pick_order"": 7}, {""hero_code"": ""c1112"", ""pick_order"": 10}]","[""c2011"", """"]","[""c1153"", """"]",my_team,my_team
"[{""hero_code"": ""c2090"", ""pick_order"": 1}, {""hero_code"": ""c1103"", ""pick_order"": 4}, {""hero_code"": ""c2008"", ""pick_order"": 5}, {""hero_code"": ""c2109"", ""pick_order"": 8}, {""hero_code"": ""c2024"", ""pick_order"": 9}]","[{""hero_code"": ""c2011"", ""pick_order"": 2}, {""hero_code"": ""c1118"", ""pick_order"": 3}, {""hero_code"": ""c2007"", ""pick_order"": 6}, {""hero_code"": ""c5089"", ""pick_order"": 7}, {""hero_code"": ""c1055"", ""pick_order"": 10}]","[""c2066"", """"]","[""c2066"", """"]",my_team,enemy_team
