winning_team_picks,losing_team_picks,winning_team_bans,losing_team_bans,first_pick_team
"[{""hero_code"": ""c5110"", ""pick_order"": 1}, {""hero_code"": ""c1151"", ""pick_order"": 4}, {""hero_code"": ""c1159"", ""pick_order"": 5}, {""hero_code"": ""c4158"", ""pick_order"": 8}, {""hero_code"": ""c1112"", ""pick_order"": 9}]","[{""hero_code"": ""c1153"", ""pick_order"": 2}, {""hero_code"": ""c2106"", ""pick_order"": 3}, {""hero_code"": ""c2112"", ""pick_order"": 6}, {""hero_code"": ""c1055"", ""pick_order"": 7}, {""hero_code"": ""c2102"", ""pick_order"": 10}]","[""c1133"", ""c2042""]","[""c2066"", ""c2011""]",winning_team
"[{""hero_code"": ""c2112"", ""pick_order"": 2}, {""hero_code"": ""c1055"", ""pick_order"": 3}, {""hero_code"": ""c2039"", ""pick_order"": 6}, {""hero_code"": ""c2004"", ""pick_order"": 7}, {""hero_code"": ""c1112"", ""pick_order"": 10}]","[{""hero_code"": ""c2106"", ""pick_order"": 1}, {""hero_code"": ""c1150"", ""pick_order"": 4}, {""hero_code"": ""c2082"", ""pick_order"": 5}, {""hero_code"": ""c1014"", ""pick_order"": 8}, {""hero_code"": ""c1020"", ""pick_order"": 9}]","[""c2066"", ""c2011""]","[""c1153"", ""c1133""]",losing_team
"[{""hero_code"": ""c1153"", ""pick_order"": 2}, {""hero_code"": ""c5110"", ""pick_order"": 3}, {""hero_code"": ""c2112"", ""pick_order"": 6}, {""hero_code"": ""c1103"", ""pick_order"": 7}, {""hero_code"": ""c1055"", ""pick_order"": 10}]","[{""hero_code"": ""c2066"", ""pick_order"": 1}, {""hero_code"": ""c2113"", ""pick_order"": 4}, {""hero_code"": ""c2073"", ""pick_order"": 5}, {""hero_code"": ""c1117"", ""pick_order"": 8}, {""hero_code"": ""c1156"", ""pick_order"": 9}]","[""c4158"", ""c2011""]","[""c2090"", ""c2042""]",losing_team
"[{""hero_code"": ""c2112"", ""pick_order"": 1}, {""hero_code"": ""c1103"", ""pick_order"": 4}, {""hero_code"": ""c2106"", ""pick_order"": 5}, {""hero_code"": ""c1023"", ""pick_order"": 8}, {""hero_code"": ""c1055"", ""pick_order"": 9}]","[{""hero_code"": ""c2090"", ""pick_order"": 2}, {""hero_code"": ""c1014"", ""pick_order"": 3}, {""hero_code"": ""c2082"", ""pick_order"": 6}, {""hero_code"": ""c5110"", ""pick_order"": 7}, {""hero_code"": ""c2066"", ""pick_order"": 10}]","[""c2011"", ""c4158""]","[""c1133"", ""c1153""]",winning_team
"[{""hero_code"": ""c5110"", ""pick_order"": 1}, {""hero_code"": ""c2132"", ""pick_order"": 4}, {""hero_code"": ""c2042"", ""pick_order"": 5}, {""hero_code"": ""c1134"", ""pick_order"": 8}, {""hero_code"": ""c2079"", ""pick_order"": 9}]","[{""hero_code"": ""c2090"", ""pick_order"": 2}, {""hero_code"": ""c1153"", ""pick_order"": 3}, {""hero_code"": ""c2073"", ""pick_order"": 6}, {""hero_code"": ""c1117"", ""pick_order"": 7}, {""hero_code"": ""c5071"", ""pick_order"": 10}]","[""c2011"", ""c4158""]","[""c2112"", ""c1151""]",winning_team
"[{""hero_code"": ""c2112"", ""pick_order"": 2}, {""hero_code"": ""c1055"", ""pick_order"": 3}, {""hero_code"": ""c1080"", ""pick_order"": 6}, {""hero_code"": ""c1163"", ""pick_order"": 7}, {""hero_code"": ""c1014"", ""pick_order"": 10}]","[{""hero_code"": ""c1133"", ""pick_order"": 1}, {""hero_code"": ""c1151"", ""pick_order"": 4}, {""hero_code"": ""c2132"", ""pick_order"": 5}, {""hero_code"": ""c6011"", ""pick_order"": 8}, {""hero_code"": ""c1008"", ""pick_order"": 9}]","[""c2011"", ""c4158""]","[""c1153"", ""c2066""]",losing_team
"[{""hero_code"": ""c2112"", ""pick_order"": 2}, {""hero_code"": ""c1055"", ""pick_order"": 3}, {""hero_code"": ""c2106"", ""pick_order"": 6}, {""hero_code"": ""c1103"", ""pick_order"": 7}, {""hero_code"": ""c1080"", ""pick_order"": 10}]","[{""hero_code"": ""c2016"", ""pick_order"": 1}, {""hero_code"": ""c2007"", ""pick_order"": 4}, {""hero_code"": ""c1163"", ""pick_order"": 5}, {""hero_code"": ""c1118"", ""pick_order"": 8}, {""hero_code"": ""c2006"", ""pick_order"": 9}]","[""c2011"", ""c4158""]","[""c1133"", ""c1153""]",losing_team
"[{""hero_code"": ""c2112"", ""pick_order"": 1}, {""hero_code"": ""c2066"", ""pick_order"": 4}, {""hero_code"": ""c1133"", ""pick_order"": 5}, {""hero_code"": ""c1130"", ""pick_order"": 8}, {""hero_code"": ""c1014"", ""pick_order"": 9}]","[{""hero_code"": ""c1163"", ""pick_order"": 2}, {""hero_code"": ""c5110"", ""pick_order"": 3}, {""hero_code"": ""c2089"", ""pick_order"": 6}, {""hero_code"": ""c2102"", ""pick_order"": 7}, {""hero_code"": ""c1080"", ""pick_order"": 10}]","[""c1153"", ""c1103""]","[""c2011"", ""c4158""]",winning_team
"[{""hero_code"": ""c1153"", ""pick_order"": 2}, {""hero_code"": ""c2042"", ""pick_order"": 3}, {""hero_code"": ""c2106"", ""pick_order"": 6}, {""hero_code"": ""c1055"", ""pick_order"": 7}, {""hero_code"": ""c2111"", ""pick_order"": 10}]","[{""hero_code"": ""c5110"", ""pick_order"": 1}, {""hero_code"": ""c2073"", ""pick_order"": 4}, {""hero_code"": ""c6062"", ""pick_order"": 5}, {""hero_code"": ""c2113"", ""pick_order"": 8}, {""hero_code"": ""c2088"", ""pick_order"": 9}]","[""c2011"", ""c4158""]","[""c2112"", ""c2066""]",losing_team
"[{""hero_code"": ""c2113"", ""pick_order"": 1}, {""hero_code"": ""c2066"", ""pick_order"": 4}, {""hero_code"": ""c1117"", ""pick_order"": 5}, {""hero_code"": ""c2111"", ""pick_order"": 8}, {""hero_code"": ""c1091"", ""pick_order"": 9}]","[{""hero_code"": ""c5110"", ""pick_order"": 2}, {""hero_code"": ""c2090"", ""pick_order"": 3}, {""hero_code"": ""c2112"", ""pick_order"": 6}, {""hero_code"": ""c2007"", ""pick_order"": 7}, {""hero_code"": ""c1014"", ""pick_order"": 10}]","[""c1153"", ""c2042""]","[""c2011"", ""c4158""]",winning_team
"[{""hero_code"": ""c5110"", ""pick_order"": 2}, {""hero_code"": ""c2090"", ""pick_order"": 3}, {""hero_code"": ""c1153"", ""pick_order"": 6}, {""hero_code"": ""c2038"", ""pick_order"": 7}, {""hero_code"": ""c4144"", ""pick_order"": 10}]","[{""hero_code"": ""c2042"", ""pick_order"": 1}, {""hero_code"": ""c2113"", ""pick_order"": 4}, {""hero_code"": ""c2016"", ""pick_order"": 5}, {""hero_code"": ""c2132"", ""pick_order"": 8}, {""hero_code"": ""c2095"", ""pick_order"": 9}]","[""c2066"", ""c2011""]","[""c2112"", ""c2066""]",losing_team
"[{""hero_code"": ""c2042"", ""pick_order"": 2}, {""hero_code"": ""c5110"", ""pick_order"": 3}, {""hero_code"": ""c2112"", ""pick_order"": 6}, {""hero_code"": ""c1103"", ""pick_order"": 7}, {""hero_code"": ""c2024"", ""pick_order"": 10}]","[{""hero_code"": ""c2090"", ""pick_order"": 1}, {""hero_code"": ""c1153"", ""pick_order"": 4}, {""hero_code"": ""c2073"", ""pick_order"": 5}, {""hero_code"": ""c2007"", ""pick_order"": 8}, {""hero_code"": ""c1112"", ""pick_order"": 9}]","[""c2066"", ""c2011""]","[""c2011"", ""c2066""]",losing_team
"[{""hero_code"": ""c2042"", ""pick_order"": 2}, {""hero_code"": ""c5110"", ""pick_order"": 3}, {""hero_code"": ""c1153"", ""pick_order"": 6}, {""hero_code"": ""c1102"", ""pick_order"": 7}, {""hero_code"": ""c2048"", ""pick_order"": 10}]","[{""hero_code"": ""c2113"", ""pick_order"": 1}, {""hero_code"": ""c2008"", ""pick_order"": 4}, {""hero_code"": ""c1129"", ""pick_order"": 5}, {""hero_code"": ""c2049"", ""pick_order"": 8}, {""hero_code"": ""c2017"", ""pick_order"": 9}]","[""c2066"", ""c2011""]","[""c1163"", ""c2112""]",losing_team
"[{""hero_code"": ""c5110"", ""pick_order"": 1}, {""hero_code"": ""c2089"", ""pick_order"": 4}, {""hero_code"": ""c1103"", ""pick_order"": 5}, {""hero_code"": ""c2113"", ""pick_order"": 8}, {""hero_code"": ""c1148"", ""pick_order"": 9}]","[{""hero_code"": ""c1159"", ""pick_order"": 2}, {""hero_code"": ""c2090"", ""pick_order"": 3}, {""hero_code"": ""c2008"", ""pick_order"": 6}, {""hero_code"": ""c2016"", ""pick_order"": 7}, {""hero_code"": ""c1151"", ""pick_order"": 10}]","[""c2066"", ""c2011""]","[""c2112"", ""c1153""]",winning_team
"[{""hero_code"": ""c2090"", ""pick_order"": 1}, {""hero_code"": ""c4158"", ""pick_order"": 4}, {""hero_code"": ""c1153"", ""pick_order"": 5}, {""hero_code"": ""c2111"", ""pick_order"": 8}, {""hero_code"": ""c1117"", ""pick_order"": 9}]","[{""hero_code"": ""c5110"", ""pick_order"": 2}, {""hero_code"": ""c2095"", ""pick_order"": 3}, {""hero_code"": ""c2039"", ""pick_order"": 6}, {""hero_code"": ""c1076"", ""pick_order"": 7}, {""hero_code"": ""c1089"", ""pick_order"": 10}]","[""c1163"", ""c2042""]","[""c2066"", ""c2011""]",winning_team
"[{""hero_code"": ""c2042"", ""pick_order"": 2}, {""hero_code"": ""c5110"", ""pick_order"": 3}, {""hero_code"": ""c1153"", ""pick_order"": 6}, {""hero_code"": ""c2073"", ""pick_order"": 7}, {""hero_code"": ""c2039"", ""pick_order"": 10}]","[{""hero_code"": ""c2106"", ""pick_order"": 1}, {""hero_code"": ""c2090"", ""pick_order"": 4}, {""hero_code"": ""c4158"", ""pick_order"": 5}, {""hero_code"": ""c2111"", ""pick_order"": 8}, {""hero_code"": ""c1114"", ""pick_order"": 9}]","[""c2066"", ""c2011""]","[""c2113"", ""c2066""]",losing_team
"[{""hero_code"": ""c5110"", ""pick_order"": 1}, {""hero_code"": ""c2039"", ""pick_order"": 4}, {""hero_code"": ""c2112"", ""pick_order"": 5}, {""hero_code"": ""c2042"", ""pick_order"": 8}, {""hero_code"": ""c1091"", ""pick_order"": 9}]","[{""hero_code"": ""c4158"", ""pick_order"": 2}, {""hero_code"": ""c1133"", ""pick_order"": 3}, {""hero_code"": ""c2024"", ""pick_order"": 6}, {""hero_code"": ""c1150"", ""pick_order"": 7}, {""hero_code"": ""c2082"", ""pick_order"": 10}]","[""c2066"", ""c2011""]","[""c2066"", ""c1153""]",winning_team
"[{""hero_code"": ""c5110"", ""pick_order"": 1}, {""hero_code"": ""c1103"", ""pick_order"": 4}, {""hero_code"": ""c2039"", ""pick_order"": 5}, {""hero_code"": ""c1091"", ""pick_order"": 8}, {""hero_code"": ""c2042"", ""pick_order"": 9}]","[{""hero_code"": ""c2112"", ""pick_order"": 2}, {""hero_code"": ""c1133"", ""pick_order"": 3}, {""hero_code"": ""c2024"", ""pick_order"": 6}, {""hero_code"": ""c4158"", ""pick_order"": 7}, {""hero_code"": ""c1151"", ""pick_order"": 10}]","[""c2066"", ""c2011""]","[""c1153"", ""c1117""]",winning_team
"[{""hero_code"": ""c2042"", ""pick_order"": 2}, {""hero_code"": ""c2090"", ""pick_order"": 3}, {""hero_code"": ""c1153"", ""pick_order"": 6}, {""hero_code"": ""c2050"", ""pick_order"": 7}, {""hero_code"": ""c2023"", ""pick_order"": 10}]","[{""hero_code"": ""c2113"", ""pick_order"": 1}, {""hero_code"": ""c5089"", ""pick_order"": 4}, {""hero_code"": ""c2049"", ""pick_order"": 5}, {""hero_code"": ""c2088"", ""pick_order"": 8}, {""hero_code"": ""c2106"", ""pick_order"": 9}]","[""c2066"", ""c2011""]","[""c5110"", ""c2011""]",losing_team
"[{""hero_code"": ""c2112"", ""pick_order"": 2}, {""hero_code"": ""c2042"", ""pick_order"": 3}, {""hero_code"": ""c6037"", ""pick_order"": 6}, {""hero_code"": ""c2111"", ""pick_order"": 7}, {""hero_code"": ""c2007"", ""pick_order"": 10}]","[{""hero_code"": ""c5110"", ""pick_order"": 1}, {""hero_code"": ""c1133"", ""pick_order"": 4}, {""hero_code"": ""c1125"", ""pick_order"": 5}, {""hero_code"": ""c5009"", ""pick_order"": 8}, {""hero_code"": ""c2102"", ""pick_order"": 9}]","[""c2066"", ""c2011""]","[""c1153"", ""c2113""]",losing_team
"[{""hero_code"": ""c5110"", ""pick_order"": 1}, {""hero_code"": ""c2042"", ""pick_order"": 4}, {""hero_code"": ""c1153"", ""pick_order"": 5}, {""hero_code"": ""c2048"", ""pick_order"": 8}, {""hero_code"": ""c1102"", ""pick_order"": 9}]","[{""hero_code"": ""c2113"", ""pick_order"": 2}, {""hero_code"": ""c1144"", ""pick_order"": 3}, {""hero_code"": ""c1129"", ""pick_order"": 6}, {""hero_code"": ""c2049"", ""pick_order"": 7}, {""hero_code"": ""c2073"", ""pick_order"": 10}]","[""c2066"", ""c2011""]","[""c1163"", ""c2112""]",winning_team
"[{""hero_code"": ""c2112"", ""pick_order"": 1}, {""hero_code"": ""c1055"", ""pick_order"": 4}, {""hero_code"": ""c1133"", ""pick_order"": 5}, {""hero_code"": ""c1151"", ""pick_order"": 8}, {""hero_code"": ""c2074"", ""pick_order"": 9}]","[{""hero_code"": ""c2089"", ""pick_order"": 2}, {""hero_code"": ""c5110"", ""pick_order"": 3}, {""hero_code"": ""c2042"", ""pick_order"": 6}, {""hero_code"": ""c2016"", ""pick_order"": 7}, {""hero_code"": ""c1112"", ""pick_order"": 10}]","[""c2113"", ""c1153""]","[""c2066"", ""c2011""]",winning_team
"[{""hero_code"": ""c5110"", ""pick_order"": 1}, {""hero_code"": ""c2039"", ""pick_order"": 4}, {""hero_code"": ""c2112"", ""pick_order"": 5}, {""hero_code"": ""c1022"", ""pick_order"": 8}, {""hero_code"": ""c2106"", ""pick_order"": 9}]","[{""hero_code"": ""c1014"", ""pick_order"": 2}, {""hero_code"": ""c1112"", ""pick_order"": 3}, {""hero_code"": ""c1163"", ""pick_order"": 6}, {""hero_code"": ""c1007"", ""pick_order"": 7}, {""hero_code"": ""c2004"", ""pick_order"": 10}]","[""c2066"", ""c2011""]","[""c1133"", ""c1153""]",winning_team
"[{""hero_code"": ""c2042"", ""pick_order"": 2}, {""hero_code"": ""c5110"", ""pick_order"": 3}, {""hero_code"": ""c2039"", ""pick_order"": 6}, {""hero_code"": ""c1103"", ""pick_order"": 7}, {""hero_code"": ""c1022"", ""pick_order"": 10}]","[{""hero_code"": ""c2112"", ""pick_order"": 1}, {""hero_code"": ""c1133"", ""pick_order"": 4}, {""hero_code"": ""c4158"", ""pick_order"": 5}, {""hero_code"": ""c2024"", ""pick_order"": 8}, {""hero_code"": ""c1157"", ""pick_order"": 9}]","[""c2066"", ""c2011""]","[""c1153"", ""c1117""]",losing_team
"[{""hero_code"": ""c2042"", ""pick_order"": 1}, {""hero_code"": ""c2073"", ""pick_order"": 4}, {""hero_code"": ""c1153"", ""pick_order"": 5}, {""hero_code"": ""c4005"", ""pick_order"": 8}, {""hero_code"": ""c2088"", ""pick_order"": 9}]","[{""hero_code"": ""c2113"", ""pick_order"": 2}, {""hero_code"": ""c2090"", ""pick_order"": 3}, {""hero_code"": ""c2071"", ""pick_order"": 6}, {""hero_code"": ""c4123"", ""pick_order"": 7}, {""hero_code"": ""c1076"", ""pick_order"": 10}]","[""c2066"", ""c2011""]","[""c4158"", ""c5110""]",winning_team
"[{""hero_code"": ""c1133"", ""pick_order"": 1}, {""hero_code"": ""c1014"", ""pick_order"": 4}, {""hero_code"": ""c2046"", ""pick_order"": 5}, {""hero_code"": ""c2080"", ""pick_order"": 8}, {""hero_code"": ""c5089"", ""pick_order"": 9}]","[{""hero_code"": ""c2112"", ""pick_order"": 2}, {""hero_code"": ""c5110"", ""pick_order"": 3}, {""hero_code"": ""c1156"", ""pick_order"": 6}, {""hero_code"": ""c2109"", ""pick_order"": 7}, {""hero_code"": ""c2016"", ""pick_order"": 10}]","[""c1153"", ""c2113""]","[""c2066"", ""c2011""]",winning_team
"[{""hero_code"": ""c2042"", ""pick_order"": 1}, {""hero_code"": ""c2016"", ""pick_order"": 4}, {""hero_code"": ""c1091"", ""pick_order"": 5}, {""hero_code"": ""c1055"", ""pick_order"": 8}, {""hero_code"": ""c1117"", ""pick_order"": 9}]","[{""hero_code"": ""c1153"", ""pick_order"": 2}, {""hero_code"": ""c5110"", ""pick_order"": 3}, {""hero_code"": ""c2112"", ""pick_order"": 6}, {""hero_code"": ""c1103"", ""pick_order"": 7}, {""hero_code"": ""c2113"", ""pick_order"": 10}]","[""c2090"", ""c2066""]","[""c2066"", ""c2011""]",winning_team
"[{""hero_code"": ""c1153"", ""pick_order"": 2}, {""hero_code"": ""c2090"", ""pick_order"": 3}, {""hero_code"": ""c2111"", ""pick_order"": 6}, {""hero_code"": ""c5016"", ""pick_order"": 7}, {""hero_code"": ""c1117"", ""pick_order"": 10}]","[{""hero_code"": ""c5110"", ""pick_order"": 1}, {""hero_code"": ""c1103"", ""pick_order"": 4}, {""hero_code"": ""c2112"", ""pick_order"": 5}, {""hero_code"": ""c1111"", ""pick_order"": 8}, {""hero_code"": ""c2132"", ""pick_order"": 9}]","[""c1133"", ""c4158""]","[""c2066"", ""c2011""]",losing_team
"[{""hero_code"": ""c5110"", ""pick_order"": 2}, {""hero_code"": ""c2112"", ""pick_order"": 3}, {""hero_code"": ""c2102"", ""pick_order"": 6}, {""hero_code"": ""c1080"", ""pick_order"": 7}, {""hero_code"": ""c2004"", ""pick_order"": 10}]","[{""hero_code"": ""c2042"", ""pick_order"": 1}, {""hero_code"": ""c4158"", ""pick_order"": 4}, {""hero_code"": ""c1126"", ""pick_order"": 5}, {""hero_code"": ""c1118"", ""pick_order"": 8}, {""hero_code"": ""c1014"", ""pick_order"": 9}]","[""c2066"", ""c2011""]","[""c1153"", ""c2106""]",losing_team
"[{""hero_code"": ""c5110"", ""pick_order"": 1}, {""hero_code"": ""c2113"", ""pick_order"": 4}, {""hero_code"": ""c2073"", ""pick_order"": 5}, {""hero_code"": ""c4158"", ""pick_order"": 8}, {""hero_code"": ""c2106"", ""pick_order"": 9}]","[{""hero_code"": ""c1153"", ""pick_order"": 2}, {""hero_code"": ""c2042"", ""pick_order"": 3}, {""hero_code"": ""c2112"", ""pick_order"": 6}, {""hero_code"": ""c2088"", ""pick_order"": 7}, {""hero_code"": ""c1132"", ""pick_order"": 10}]","[""c2090"", ""c2066""]","[""c2066"", ""c2011""]",winning_team
"[{""hero_code"": ""c5110"", ""pick_order"": 1}, {""hero_code"": ""c1103"", ""pick_order"": 4}, {""hero_code"": ""c2089"", ""pick_order"": 5}, {""hero_code"": ""c1148"", ""pick_order"": 8}, {""hero_code"": ""c1151"", ""pick_order"": 9}]","[{""hero_code"": ""c2112"", ""pick_order"": 2}, {""hero_code"": ""c2090"", ""pick_order"": 3}, {""hero_code"": ""c2008"", ""pick_order"": 6}, {""hero_code"": ""c2016"", ""pick_order"": 7}, {""hero_code"": ""c1159"", ""pick_order"": 10}]","[""c2066"", ""c2011""]","[""c2066"", ""c1153""]",winning_team
"[{""hero_code"": ""c5110"", ""pick_order"": 2}, {""hero_code"": ""c2112"", ""pick_order"": 3}, {""hero_code"": ""c1091"", ""pick_order"": 6}, {""hero_code"": ""c2106"", ""pick_order"": 7}, {""hero_code"": ""c2042"", ""pick_order"": 10}]","[{""hero_code"": ""c2007"", ""pick_order"": 1}, {""hero_code"": ""c1133"", ""pick_order"": 4}, {""hero_code"": ""c1118"", ""pick_order"": 5}, {""hero_code"": ""c2102"", ""pick_order"": 8}, {""hero_code"": ""c1112"", ""pick_order"": 9}]","[""c2066"", ""c2011""]","[""c4158"", ""c1153""]",losing_team
"[{""hero_code"": ""c5110"", ""pick_order"": 1}, {""hero_code"": ""c2042"", ""pick_order"": 4}, {""hero_code"": ""c1153"", ""pick_order"": 5}, {""hero_code"": ""c2111"", ""pick_order"": 8}, {""hero_code"": ""c2095"", ""pick_order"": 9}]","[{""hero_code"": ""c2113"", ""pick_order"": 2}, {""hero_code"": ""c5001"", ""pick_order"": 3}, {""hero_code"": ""c5111"", ""pick_order"": 6}, {""hero_code"": ""c2088"", ""pick_order"": 7}, {""hero_code"": ""c2007"", ""pick_order"": 10}]","[""c2066"", ""c2011""]","[""c2066"", ""c2112""]",winning_team
"[{""hero_code"": ""c5110"", ""pick_order"": 1}, {""hero_code"": ""c2132"", ""pick_order"": 4}, {""hero_code"": ""c2008"", ""pick_order"": 5}, {""hero_code"": ""c5082"", ""pick_order"": 8}, {""hero_code"": ""c1117"", ""pick_order"": 9}]","[{""hero_code"": ""c2089"", ""pick_order"": 2}, {""hero_code"": ""c2090"", ""pick_order"": 3}, {""hero_code"": ""c5089"", ""pick_order"": 6}, {""hero_code"": ""c1151"", ""pick_order"": 7}, {""hero_code"": ""c2024"", ""pick_order"": 10}]","[""c1153"", ""c2112""]","[""c2066"", ""c2011""]",winning_team
"[{""hero_code"": ""c5110"", ""pick_order"": 1}, {""hero_code"": ""c2095"", ""pick_order"": 4}, {""hero_code"": ""c1153"", ""pick_order"": 5}, {""hero_code"": ""c1089"", ""pick_order"": 8}, {""hero_code"": ""c2111"", ""pick_order"": 9}]","[{""hero_code"": ""c2090"", ""pick_order"": 2}, {""hero_code"": ""c2042"", ""pick_order"": 3}, {""hero_code"": ""c1102"", ""pick_order"": 6}, {""hero_code"": ""c2088"", ""pick_order"": 7}, {""hero_code"": ""c1137"", ""pick_order"": 10}]","[""c2066"", ""c2011""]","[""c2112"", ""c2066""]",winning_team
"[{""hero_code"": ""c2112"", ""pick_order"": 1}, {""hero_code"": ""c2042"", ""pick_order"": 4}, {""hero_code"": ""c4158"", ""pick_order"": 5}, {""hero_code"": ""c1144"", ""pick_order"": 8}, {""hero_code"": ""c5110"", ""pick_order"": 9}]","[{""hero_code"": ""c2113"", ""pick_order"": 2}, {""hero_code"": ""c2089"", ""pick_order"": 3}, {""hero_code"": ""c1103"", ""pick_order"": 6}, {""hero_code"": ""c1159"", ""pick_order"": 7}, {""hero_code"": ""c2090"", ""pick_order"": 10}]","[""c1153"", ""c2024""]","[""c2066"", ""c2011""]",winning_team
"[{""hero_code"": ""c5110"", ""pick_order"": 2}, {""hero_code"": ""c2073"", ""pick_order"": 3}, {""hero_code"": ""c1153"", ""pick_order"": 6}, {""hero_code"": ""c2095"", ""pick_order"": 7}, {""hero_code"": ""c2113"", ""pick_order"": 10}]","[{""hero_code"": ""c2042"", ""pick_order"": 1}, {""hero_code"": ""c5082"", ""pick_order"": 4}, {""hero_code"": ""c2111"", ""pick_order"": 5}, {""hero_code"": ""c1055"", ""pick_order"": 8}, {""hero_code"": ""c4144"", ""pick_order"": 9}]","[""c2066"", ""c2011""]","[""c2112"", ""c2066""]",losing_team
"[{""hero_code"": ""c1153"", ""pick_order"": 2}, {""hero_code"": ""c2042"", ""pick_order"": 3}, {""hero_code"": ""c2112"", ""pick_order"": 6}, {""hero_code"": ""c2088"", ""pick_order"": 7}, {""hero_code"": ""c1159"", ""pick_order"": 10}]","[{""hero_code"": ""c5110"", ""pick_order"": 1}, {""hero_code"": ""c2073"", ""pick_order"": 4}, {""hero_code"": ""c6062"", ""pick_order"": 5}, {""hero_code"": ""c2043"", ""pick_order"": 8}, {""hero_code"": ""c2106"", ""pick_order"": 9}]","[""c2066"", ""c2011""]","[""c1133"", ""c3158""]",losing_team
"[{""hero_code"": ""c2112"", ""pick_order"": 2}, {""hero_code"": ""c2039"", ""pick_order"": 3}, {""hero_code"": ""c2109"", ""pick_order"": 6}, {""hero_code"": ""c2042"", ""pick_order"": 7}, {""hero_code"": ""c1080"", ""pick_order"": 10}]","[{""hero_code"": ""c5110"", ""pick_order"": 1}, {""hero_code"": ""c1150"", ""pick_order"": 4}, {""hero_code"": ""c1147"", ""pick_order"": 5}, {""hero_code"": ""c5046"", ""pick_order"": 8}, {""hero_code"": ""c1044"", ""pick_order"": 9}]","[""c2066"", ""c2011""]","[""c1133"", ""c1153""]",losing_team
"[{""hero_code"": ""c1153"", ""pick_order"": 2}, {""hero_code"": ""c2042"", ""pick_order"": 3}, {""hero_code"": ""c1103"", ""pick_order"": 6}, {""hero_code"": ""c2039"", ""pick_order"": 7}, {""hero_code"": ""c2016"", ""pick_order"": 10}]","[{""hero_code"": ""c5110"", ""pick_order"": 1}, {""hero_code"": ""c1133"", ""pick_order"": 4}, {""hero_code"": ""c2112"", ""pick_order"": 5}, {""hero_code"": ""c1151"", ""pick_order"": 8}, {""hero_code"": ""c2102"", ""pick_order"": 9}]","[""c2066"", ""c2011""]","[""c2090"", ""c2066""]",losing_team
"[{""hero_code"": ""c5110"", ""pick_order"": 1}, {""hero_code"": ""c2090"", ""pick_order"": 4}, {""hero_code"": ""c1153"", ""pick_order"": 5}, {""hero_code"": ""c1134"", ""pick_order"": 8}, {""hero_code"": ""c6062"", ""pick_order"": 9}]","[{""hero_code"": ""c2106"", ""pick_order"": 2}, {""hero_code"": ""c2113"", ""pick_order"": 3}, {""hero_code"": ""c2111"", ""pick_order"": 6}, {""hero_code"": ""c2132"", ""pick_order"": 7}, {""hero_code"": ""c1103"", ""pick_order"": 10}]","[""c2066"", ""c2011""]","[""c2066"", ""c2042""]",winning_team
"[{""hero_code"": ""c2112"", ""pick_order"": 2}, {""hero_code"": ""c5110"", ""pick_order"": 3}, {""hero_code"": ""c1091"", ""pick_order"": 6}, {""hero_code"": ""c2113"", ""pick_order"": 7}, {""hero_code"": ""c1159"", ""pick_order"": 10}]","[{""hero_code"": ""c2042"", ""pick_order"": 1}, {""hero_code"": ""c4158"", ""pick_order"": 4}, {""hero_code"": ""c2024"", ""pick_order"": 5}, {""hero_code"": ""c2090"", ""pick_order"": 8}, {""hero_code"": ""c1112"", ""pick_order"": 9}]","[""c2066"", ""c2011""]","[""c1133"", ""c1153""]",losing_team
"[{""hero_code"": ""c5110"", ""pick_order"": 1}, {""hero_code"": ""c2090"", ""pick_order"": 4}, {""hero_code"": ""c2008"", ""pick_order"": 5}, {""hero_code"": ""c2088"", ""pick_order"": 8}, {""hero_code"": ""c2073"", ""pick_order"": 9}]","[{""hero_code"": ""c2089"", ""pick_order"": 2}, {""hero_code"": ""c2113"", ""pick_order"": 3}, {""hero_code"": ""c2132"", ""pick_order"": 6}, {""hero_code"": ""c1141"", ""pick_order"": 7}, {""hero_code"": ""c2111"", ""pick_order"": 10}]","[""c2112"", ""c1153""]","[""c2011"", ""c2066""]",winning_team
"[{""hero_code"": ""c2042"", ""pick_order"": 1}, {""hero_code"": ""c2113"", ""pick_order"": 4}, {""hero_code"": ""c1153"", ""pick_order"": 5}, {""hero_code"": ""c2106"", ""pick_order"": 8}, {""hero_code"": ""c2132"", ""pick_order"": 9}]","[{""hero_code"": ""c2090"", ""pick_order"": 2}, {""hero_code"": ""c5110"", ""pick_order"": 3}, {""hero_code"": ""c2073"", ""pick_order"": 6}, {""hero_code"": ""c4158"", ""pick_order"": 7}, {""hero_code"": ""c1134"", ""pick_order"": 10}]","[""c2011"", ""c2066""]","[""c2066"", ""c2011""]",winning_team
"[{""hero_code"": ""c5110"", ""pick_order"": 2}, {""hero_code"": ""c2073"", ""pick_order"": 3}, {""hero_code"": ""c2070"", ""pick_order"": 6}, {""hero_code"": ""c2106"", ""pick_order"": 7}, {""hero_code"": ""c1141"", ""pick_order"": 10}]","[{""hero_code"": ""c2042"", ""pick_order"": 1}, {""hero_code"": ""c2079"", ""pick_order"": 4}, {""hero_code"": ""c1153"", ""pick_order"": 5}, {""hero_code"": ""c1100"", ""pick_order"": 8}, {""hero_code"": ""c2101"", ""pick_order"": 9}]","[""c2011"", ""c2066""]","[""c2113"", ""c2090""]",losing_team
"[{""hero_code"": ""c2042"", ""pick_order"": 2}, {""hero_code"": ""c1103"", ""pick_order"": 3}, {""hero_code"": ""c2112"", ""pick_order"": 6}, {""hero_code"": ""c2088"", ""pick_order"": 7}, {""hero_code"": ""c2006"", ""pick_order"": 10}]","[{""hero_code"": ""c2090"", ""pick_order"": 1}, {""hero_code"": ""c5110"", ""pick_order"": 4}, {""hero_code"": ""c2113"", ""pick_order"": 5}, {""hero_code"": ""c2111"", ""pick_order"": 8}, {""hero_code"": ""c5111"", ""pick_order"": 9}]","[""c2011"", ""c2066""]","[""c1151"", ""c1153""]",losing_team
"[{""hero_code"": ""c2042"", ""pick_order"": 1}, {""hero_code"": ""c2089"", ""pick_order"": 4}, {""hero_code"": ""c1103"", ""pick_order"": 5}, {""hero_code"": ""c6062"", ""pick_order"": 8}, {""hero_code"": ""c2088"", ""pick_order"": 9}]","[{""hero_code"": ""c2113"", ""pick_order"": 2}, {""hero_code"": ""c2112"", ""pick_order"": 3}, {""hero_code"": ""c2024"", ""pick_order"": 6}, {""hero_code"": ""c5110"", ""pick_order"": 7}, {""hero_code"": ""c1014"", ""pick_order"": 10}]","[""c2011"", ""c2066""]","[""c1153"", ""c2066""]",winning_team
"[{""hero_code"": ""c5110"", ""pick_order"": 1}, {""hero_code"": ""c2090"", ""pick_order"": 4}, {""hero_code"": ""c2042"", ""pick_order"": 5}, {""hero_code"": ""c1112"", ""pick_order"": 8}, {""hero_code"": ""c2043"", ""pick_order"": 9}]","[{""hero_code"": ""c2113"", ""pick_order"": 2}, {""hero_code"": ""c2089"", ""pick_order"": 3}, {""hero_code"": ""c5089"", ""pick_order"": 6}, {""hero_code"": ""c1096"", ""pick_order"": 7}, {""hero_code"": ""c1144"", ""pick_order"": 10}]","[""c1153"", ""c2112""]","[""c2011"", ""c2066""]",winning_team
"[{""hero_code"": ""c1153"", ""pick_order"": 2}, {""hero_code"": ""c2042"", ""pick_order"": 3}, {""hero_code"": ""c2112"", ""pick_order"": 6}, {""hero_code"": ""c2023"", ""pick_order"": 7}, {""hero_code"": ""c1104"", ""pick_order"": 10}]","[{""hero_code"": ""c5110"", ""pick_order"": 1}, {""hero_code"": ""c2073"", ""pick_order"": 4}, {""hero_code"": ""c2113"", ""pick_order"": 5}, {""hero_code"": ""c2012"", ""pick_order"": 8}, {""hero_code"": ""c1159"", ""pick_order"": 9}]","[""c2011"", ""c2066""]","[""c2066"", ""c2090""]",losing_team
"[{""hero_code"": ""c2042"", ""pick_order"": 1}, {""hero_code"": ""c5110"", ""pick_order"": 4}, {""hero_code"": ""c1153"", ""pick_order"": 5}, {""hero_code"": ""c2016"", ""pick_order"": 8}, {""hero_code"": ""c4144"", ""pick_order"": 9}]","[{""hero_code"": ""c2090"", ""pick_order"": 2}, {""hero_code"": ""c2113"", ""pick_order"": 3}, {""hero_code"": ""c1133"", ""pick_order"": 6}, {""hero_code"": ""c2102"", ""pick_order"": 7}, {""hero_code"": ""c1130"", ""pick_order"": 10}]","[""c2011"", ""c2066""]","[""c2112"", ""c3113""]",winning_team
"[{""hero_code"": ""c2042"", ""pick_order"": 2}, {""hero_code"": ""c5110"", ""pick_order"": 3}, {""hero_code"": ""c1103"", ""pick_order"": 6}, {""hero_code"": ""c1151"", ""pick_order"": 7}, {""hero_code"": ""c6017"", ""pick_order"": 10}]","[{""hero_code"": ""c1153"", ""pick_order"": 1}, {""hero_code"": ""c2039"", ""pick_order"": 4}, {""hero_code"": ""c2112"", ""pick_order"": 5}, {""hero_code"": ""c2016"", ""pick_order"": 8}, {""hero_code"": ""c2111"", ""pick_order"": 9}]","[""c2011"", ""c2066""]","[""c2090"", ""c2113""]",losing_team
"[{""hero_code"": ""c2112"", ""pick_order"": 1}, {""hero_code"": ""c1151"", ""pick_order"": 4}, {""hero_code"": ""c5110"", ""pick_order"": 5}, {""hero_code"": ""c4158"", ""pick_order"": 8}, {""hero_code"": ""c2007"", ""pick_order"": 9}]","[{""hero_code"": ""c2042"", ""pick_order"": 2}, {""hero_code"": ""c1103"", ""pick_order"": 3}, {""hero_code"": ""c2111"", ""pick_order"": 6}, {""hero_code"": ""c1080"", ""pick_order"": 7}, {""hero_code"": ""c2024"", ""pick_order"": 10}]","[""c1153"", ""c2113""]","[""c2011"", ""c2066""]",winning_team
"[{""hero_code"": ""c2042"", ""pick_order"": 1}, {""hero_code"": ""c1103"", ""pick_order"": 4}, {""hero_code"": ""c2112"", ""pick_order"": 5}, {""hero_code"": ""c1163"", ""pick_order"": 8}, {""hero_code"": ""c5110"", ""pick_order"": 9}]","[{""hero_code"": ""c2090"", ""pick_order"": 2}, {""hero_code"": ""c2106"", ""pick_order"": 3}, {""hero_code"": ""c5111"", ""pick_order"": 6}, {""hero_code"": ""c2088"", ""pick_order"": 7}, {""hero_code"": ""c2007"", ""pick_order"": 10}]","[""c2011"", ""c2066""]","[""c1153"", ""c2113""]",winning_team
"[{""hero_code"": ""c2106"", ""pick_order"": 2}, {""hero_code"": ""c5110"", ""pick_order"": 3}, {""hero_code"": ""c1125"", ""pick_order"": 6}, {""hero_code"": ""c1007"", ""pick_order"": 7}, {""hero_code"": ""c6017"", ""pick_order"": 10}]","[{""hero_code"": ""c2066"", ""pick_order"": 1}, {""hero_code"": ""c1103"", ""pick_order"": 4}, {""hero_code"": ""c2112"", ""pick_order"": 5}, {""hero_code"": ""c2004"", ""pick_order"": 8}, {""hero_code"": ""c1020"", ""pick_order"": 9}]","[""c1153"", ""c2113""]","[""c4158"", ""c2011""]",losing_team
"[{""hero_code"": ""c2066"", ""pick_order"": 2}, {""hero_code"": ""c1163"", ""pick_order"": 3}, {""hero_code"": ""c1080"", ""pick_order"": 6}, {""hero_code"": ""c1103"", ""pick_order"": 7}, {""hero_code"": ""c2024"", ""pick_order"": 10}]","[{""hero_code"": ""c2112"", ""pick_order"": 1}, {""hero_code"": ""c2008"", ""pick_order"": 4}, {""hero_code"": ""c6017"", ""pick_order"": 5}, {""hero_code"": ""c5110"", ""pick_order"": 8}, {""hero_code"": ""c2007"", ""pick_order"": 9}]","[""c4158"", ""c2011""]","[""c1153"", ""c1133""]",losing_team
"[{""hero_code"": ""c2042"", ""pick_order"": 2}, {""hero_code"": ""c2090"", ""pick_order"": 3}, {""hero_code"": ""c2112"", ""pick_order"": 6}, {""hero_code"": ""c2088"", ""pick_order"": 7}, {""hero_code"": ""c5110"", ""pick_order"": 10}]","[{""hero_code"": ""c1153"", ""pick_order"": 1}, {""hero_code"": ""c2113"", ""pick_order"": 4}, {""hero_code"": ""c2073"", ""pick_order"": 5}, {""hero_code"": ""c2109"", ""pick_order"": 8}, {""hero_code"": ""c1019"", ""pick_order"": 9}]","[""c4158"", ""c2011""]","[""c2066"", ""c1118""]",losing_team
"[{""hero_code"": ""c5110"", ""pick_order"": 2}, {""hero_code"": ""c1153"", ""pick_order"": 3}, {""hero_code"": ""c1103"", ""pick_order"": 6}, {""hero_code"": ""c6017"", ""pick_order"": 7}, {""hero_code"": ""c2090"", ""pick_order"": 10}]","[{""hero_code"": ""c2066"", ""pick_order"": 1}, {""hero_code"": ""c2042"", ""pick_order"": 4}, {""hero_code"": ""c2112"", ""pick_order"": 5}, {""hero_code"": ""c4005"", ""pick_order"": 8}, {""hero_code"": ""c1117"", ""pick_order"": 9}]","[""c1133"", ""c2024""]","[""c4158"", ""c2011""]",losing_team
"[{""hero_code"": ""c2066"", ""pick_order"": 2}, {""hero_code"": ""c2042"", ""pick_order"": 3}, {""hero_code"": ""c2112"", ""pick_order"": 6}, {""hero_code"": ""c2109"", ""pick_order"": 7}, {""hero_code"": ""c5016"", ""pick_order"": 10}]","[{""hero_code"": ""c1133"", ""pick_order"": 1}, {""hero_code"": ""c1118"", ""pick_order"": 4}, {""hero_code"": ""c5024"", ""pick_order"": 5}, {""hero_code"": ""c5046"", ""pick_order"": 8}, {""hero_code"": ""c1154"", ""pick_order"": 9}]","[""c4158"", ""c2011""]","[""c1153"", ""c1103""]",losing_team
"[{""hero_code"": ""c2066"", ""pick_order"": 1}, {""hero_code"": ""c2042"", ""pick_order"": 4}, {""hero_code"": ""c1153"", ""pick_order"": 5}, {""hero_code"": ""c2090"", ""pick_order"": 8}, {""hero_code"": ""c4005"", ""pick_order"": 9}]","[{""hero_code"": ""c2073"", ""pick_order"": 2}, {""hero_code"": ""c2113"", ""pick_order"": 3}, {""hero_code"": ""c2008"", ""pick_order"": 6}, {""hero_code"": ""c5110"", ""pick_order"": 7}, {""hero_code"": ""c2009"", ""pick_order"": 10}]","[""c4158"", ""c2011""]","[""c3122"", ""c3121""]",winning_team
"[{""hero_code"": ""c2042"", ""pick_order"": 2}, {""hero_code"": ""c1103"", ""pick_order"": 3}, {""hero_code"": ""c2112"", ""pick_order"": 6}, {""hero_code"": ""c2004"", ""pick_order"": 7}, {""hero_code"": ""c1020"", ""pick_order"": 10}]","[{""hero_code"": ""c2090"", ""pick_order"": 1}, {""hero_code"": ""c2102"", ""pick_order"": 4}, {""hero_code"": ""c2082"", ""pick_order"": 5}, {""hero_code"": ""c3064"", ""pick_order"": 8}, {""hero_code"": ""c1007"", ""pick_order"": 9}]","[""c4158"", ""c2011""]","[""c1153"", ""c1133""]",losing_team
"[{""hero_code"": ""c2066"", ""pick_order"": 1}, {""hero_code"": ""c2042"", ""pick_order"": 4}, {""hero_code"": ""c2112"", ""pick_order"": 5}, {""hero_code"": ""c1103"", ""pick_order"": 8}, {""hero_code"": ""c1159"", ""pick_order"": 9}]","[{""hero_code"": ""c2090"", ""pick_order"": 2}, {""hero_code"": ""c2016"", ""pick_order"": 3}, {""hero_code"": ""c6017"", ""pick_order"": 6}, {""hero_code"": ""c1151"", ""pick_order"": 7}, {""hero_code"": ""c2007"", ""pick_order"": 10}]","[""c4158"", ""c2011""]","[""c2113"", ""c1153""]",winning_team
"[{""hero_code"": ""c2066"", ""pick_order"": 1}, {""hero_code"": ""c2042"", ""pick_order"": 4}, {""hero_code"": ""c1153"", ""pick_order"": 5}, {""hero_code"": ""c2113"", ""pick_order"": 8}, {""hero_code"": ""c4005"", ""pick_order"": 9}]","[{""hero_code"": ""c5110"", ""pick_order"": 2}, {""hero_code"": ""c2039"", ""pick_order"": 3}, {""hero_code"": ""c6062"", ""pick_order"": 6}, {""hero_code"": ""c1133"", ""pick_order"": 7}, {""hero_code"": ""c2050"", ""pick_order"": 10}]","[""c4158"", ""c2011""]","[""c2090"", ""c2112""]",winning_team
"[{""hero_code"": ""c2066"", ""pick_order"": 2}, {""hero_code"": ""c2042"", ""pick_order"": 3}, {""hero_code"": ""c2112"", ""pick_order"": 6}, {""hero_code"": ""c1103"", ""pick_order"": 7}, {""hero_code"": ""c5089"", ""pick_order"": 10}]","[{""hero_code"": ""c5110"", ""pick_order"": 1}, {""hero_code"": ""c2106"", ""pick_order"": 4}, {""hero_code"": ""c6017"", ""pick_order"": 5}, {""hero_code"": ""c5111"", ""pick_order"": 8}, {""hero_code"": ""c2109"", ""pick_order"": 9}]","[""c4158"", ""c2011""]","[""c1133"", ""c1153""]",losing_team
"[{""hero_code"": ""c1153"", ""pick_order"": 2}, {""hero_code"": ""c1163"", ""pick_order"": 3}, {""hero_code"": ""c2088"", ""pick_order"": 6}, {""hero_code"": ""c2090"", ""pick_order"": 7}, {""hero_code"": ""c1126"", ""pick_order"": 10}]","[{""hero_code"": ""c2042"", ""pick_order"": 1}, {""hero_code"": ""c1133"", ""pick_order"": 4}, {""hero_code"": ""c2016"", ""pick_order"": 5}, {""hero_code"": ""c1103"", ""pick_order"": 8}, {""hero_code"": ""c6011"", ""pick_order"": 9}]","[""c2112"", ""c2066""]","[""c4158"", ""c2011""]",losing_team
"[{""hero_code"": ""c2042"", ""pick_order"": 2}, {""hero_code"": ""c1103"", ""pick_order"": 3}, {""hero_code"": ""c2112"", ""pick_order"": 6}, {""hero_code"": ""c1055"", ""pick_order"": 7}, {""hero_code"": ""c5110"", ""pick_order"": 10}]","[{""hero_code"": ""c2090"", ""pick_order"": 1}, {""hero_code"": ""c2039"", ""pick_order"": 4}, {""hero_code"": ""c1117"", ""pick_order"": 5}, {""hero_code"": ""c2113"", ""pick_order"": 8}, {""hero_code"": ""c5111"", ""pick_order"": 9}]","[""c4158"", ""c2011""]","[""c1153"", ""c2066""]",losing_team
"[{""hero_code"": ""c5110"", ""pick_order"": 2}, {""hero_code"": ""c1153"", ""pick_order"": 3}, {""hero_code"": ""c1103"", ""pick_order"": 6}, {""hero_code"": ""c6037"", ""pick_order"": 7}, {""hero_code"": ""c1118"", ""pick_order"": 10}]","[{""hero_code"": ""c2066"", ""pick_order"": 1}, {""hero_code"": ""c2090"", ""pick_order"": 4}, {""hero_code"": ""c2112"", ""pick_order"": 5}, {""hero_code"": ""c1048"", ""pick_order"": 8}, {""hero_code"": ""c1130"", ""pick_order"": 9}]","[""c2024"", ""c1133""]","[""c4158"", ""c2011""]",losing_team
"[{""hero_code"": ""c1153"", ""pick_order"": 2}, {""hero_code"": ""c1133"", ""pick_order"": 3}, {""hero_code"": ""c2069"", ""pick_order"": 6}, {""hero_code"": ""c2066"", ""pick_order"": 7}, {""hero_code"": ""c1163"", ""pick_order"": 10}]","[{""hero_code"": ""c2042"", ""pick_order"": 1}, {""hero_code"": ""c2016"", ""pick_order"": 4}, {""hero_code"": ""c2112"", ""pick_order"": 5}, {""hero_code"": ""c1112"", ""pick_order"": 8}, {""hero_code"": ""c2015"", ""pick_order"": 9}]","[""c2113"", ""c1117""]","[""c4158"", ""c2011""]",losing_team
"[{""hero_code"": ""c2090"", ""pick_order"": 2}, {""hero_code"": ""c1163"", ""pick_order"": 3}, {""hero_code"": ""c2112"", ""pick_order"": 6}, {""hero_code"": ""c1103"", ""pick_order"": 7}, {""hero_code"": ""c2088"", ""pick_order"": 10}]","[{""hero_code"": ""c2066"", ""pick_order"": 1}, {""hero_code"": ""c2016"", ""pick_order"": 4}, {""hero_code"": ""c6017"", ""pick_order"": 5}, {""hero_code"": ""c2007"", ""pick_order"": 8}, {""hero_code"": ""c2102"", ""pick_order"": 9}]","[""c4158"", ""c2011""]","[""c1153"", ""c2113""]",losing_team
"[{""hero_code"": ""c2042"", ""pick_order"": 1}, {""hero_code"": ""c1103"", ""pick_order"": 4}, {""hero_code"": ""c2112"", ""pick_order"": 5}, {""hero_code"": ""c2004"", ""pick_order"": 8}, {""hero_code"": ""c1020"", ""pick_order"": 9}]","[{""hero_code"": ""c2106"", ""pick_order"": 2}, {""hero_code"": ""c2090"", ""pick_order"": 3}, {""hero_code"": ""c2024"", ""pick_order"": 6}, {""hero_code"": ""c1007"", ""pick_order"": 7}, {""hero_code"": ""c1014"", ""pick_order"": 10}]","[""c4158"", ""c2011""]","[""c2113"", ""c1153""]",winning_team
"[{""hero_code"": ""c2042"", ""pick_order"": 2}, {""hero_code"": ""c5110"", ""pick_order"": 3}, {""hero_code"": ""c2095"", ""pick_order"": 6}, {""hero_code"": ""c4005"", ""pick_order"": 7}, {""hero_code"": ""c6017"", ""pick_order"": 10}]","[{""hero_code"": ""c2113"", ""pick_order"": 1}, {""hero_code"": ""c2090"", ""pick_order"": 4}, {""hero_code"": ""c1153"", ""pick_order"": 5}, {""hero_code"": ""c1151"", ""pick_order"": 8}, {""hero_code"": ""c1133"", ""pick_order"": 9}]","[""c4158"", ""c2011""]","[""c2066"", ""c2112""]",losing_team
"[{""hero_code"": ""c2042"", ""pick_order"": 2}, {""hero_code"": ""c1163"", ""pick_order"": 3}, {""hero_code"": ""c2112"", ""pick_order"": 6}, {""hero_code"": ""c2088"", ""pick_order"": 7}, {""hero_code"": ""c2090"", ""pick_order"": 10}]","[{""hero_code"": ""c2016"", ""pick_order"": 1}, {""hero_code"": ""c1117"", ""pick_order"": 4}, {""hero_code"": ""c2066"", ""pick_order"": 5}, {""hero_code"": ""c1103"", ""pick_order"": 8}, {""hero_code"": ""c1112"", ""pick_order"": 9}]","[""c4158"", ""c2011""]","[""c1153"", ""c1133""]",losing_team
"[{""hero_code"": ""c2042"", ""pick_order"": 2}, {""hero_code"": ""c2090"", ""pick_order"": 3}, {""hero_code"": ""c1153"", ""pick_order"": 6}, {""hero_code"": ""c2019"", ""pick_order"": 7}, {""hero_code"": ""c2109"", ""pick_order"": 10}]","[{""hero_code"": ""c2113"", ""pick_order"": 1}, {""hero_code"": ""c2070"", ""pick_order"": 4}, {""hero_code"": ""c2049"", ""pick_order"": 5}, {""hero_code"": ""c2088"", ""pick_order"": 8}, {""hero_code"": ""c5089"", ""pick_order"": 9}]","[""c4158"", ""c2011""]","[""c2112"", ""c5110""]",losing_team
"[{""hero_code"": ""c2042"", ""pick_order"": 2}, {""hero_code"": ""c2090"", ""pick_order"": 3}, {""hero_code"": ""c4005"", ""pick_order"": 6}, {""hero_code"": ""c2111"", ""pick_order"": 7}, {""hero_code"": ""c1121"", ""pick_order"": 10}]","[{""hero_code"": ""c5110"", ""pick_order"": 1}, {""hero_code"": ""c2132"", ""pick_order"": 4}, {""hero_code"": ""c1153"", ""pick_order"": 5}, {""hero_code"": ""c5111"", ""pick_order"": 8}, {""hero_code"": ""c2088"", ""pick_order"": 9}]","[""c4158"", ""c2011""]","[""c2066"", ""c2113""]",losing_team
"[{""hero_code"": ""c2066"", ""pick_order"": 1}, {""hero_code"": ""c2042"", ""pick_order"": 4}, {""hero_code"": ""c2112"", ""pick_order"": 5}, {""hero_code"": ""c2016"", ""pick_order"": 8}, {""hero_code"": ""c1112"", ""pick_order"": 9}]","[{""hero_code"": ""c1133"", ""pick_order"": 2}, {""hero_code"": ""c1153"", ""pick_order"": 3}, {""hero_code"": ""c2069"", ""pick_order"": 6}, {""hero_code"": ""c5110"", ""pick_order"": 7}, {""hero_code"": ""c2090"", ""pick_order"": 10}]","[""c4158"", ""c2011""]","[""c2113"", ""c1117""]",winning_team
"[{""hero_code"": ""c2066"", ""pick_order"": 1}, {""hero_code"": ""c2113"", ""pick_order"": 4}, {""hero_code"": ""c1153"", ""pick_order"": 5}, {""hero_code"": ""c5110"", ""pick_order"": 8}, {""hero_code"": ""c1128"", ""pick_order"": 9}]","[{""hero_code"": ""c2042"", ""pick_order"": 2}, {""hero_code"": ""c2073"", ""pick_order"": 3}, {""hero_code"": ""c1100"", ""pick_order"": 6}, {""hero_code"": ""c1076"", ""pick_order"": 7}, {""hero_code"": ""c1106"", ""pick_order"": 10}]","[""c2024"", ""c2090""]","[""c4158"", ""c2011""]",winning_team
"[{""hero_code"": ""c2042"", ""pick_order"": 1}, {""hero_code"": ""c5110"", ""pick_order"": 4}, {""hero_code"": ""c1153"", ""pick_order"": 5}, {""hero_code"": ""c2111"", ""pick_order"": 8}, {""hero_code"": ""c1100"", ""pick_order"": 9}]","[{""hero_code"": ""c2113"", ""pick_order"": 2}, {""hero_code"": ""c2106"", ""pick_order"": 3}, {""hero_code"": ""c2088"", ""pick_order"": 6}, {""hero_code"": ""c2073"", ""pick_order"": 7}, {""hero_code"": ""c6062"", ""pick_order"": 10}]","[""c2011"", ""c4158""]","[""c2066"", ""c2090""]",winning_team
"[{""hero_code"": ""c2042"", ""pick_order"": 2}, {""hero_code"": ""c2090"", ""pick_order"": 3}, {""hero_code"": ""c1103"", ""pick_order"": 6}, {""hero_code"": ""c2066"", ""pick_order"": 7}, {""hero_code"": ""c2007"", ""pick_order"": 10}]","[{""hero_code"": ""c2113"", ""pick_order"": 1}, {""hero_code"": ""c2112"", ""pick_order"": 4}, {""hero_code"": ""c6017"", ""pick_order"": 5}, {""hero_code"": ""c1121"", ""pick_order"": 8}, {""hero_code"": ""c5110"", ""pick_order"": 9}]","[""c2011"", ""c4158""]","[""c1153"", ""c1118""]",losing_team
"[{""hero_code"": ""c2066"", ""pick_order"": 2}, {""hero_code"": ""c2090"", ""pick_order"": 3}, {""hero_code"": ""c2095"", ""pick_order"": 6}, {""hero_code"": ""c5111"", ""pick_order"": 7}, {""hero_code"": ""c2007"", ""pick_order"": 10}]","[{""hero_code"": ""c2042"", ""pick_order"": 1}, {""hero_code"": ""c5110"", ""pick_order"": 4}, {""hero_code"": ""c1153"", ""pick_order"": 5}, {""hero_code"": ""c2073"", ""pick_order"": 8}, {""hero_code"": ""c1076"", ""pick_order"": 9}]","[""c2106"", ""c2113""]","[""c2011"", ""c4158""]",losing_team
"[{""hero_code"": ""c2042"", ""pick_order"": 2}, {""hero_code"": ""c2066"", ""pick_order"": 3}, {""hero_code"": ""c1153"", ""pick_order"": 6}, {""hero_code"": ""c5110"", ""pick_order"": 7}, {""hero_code"": ""c2095"", ""pick_order"": 10}]","[{""hero_code"": ""c2090"", ""pick_order"": 1}, {""hero_code"": ""c1159"", ""pick_order"": 4}, {""hero_code"": ""c1117"", ""pick_order"": 5}, {""hero_code"": ""c2111"", ""pick_order"": 8}, {""hero_code"": ""c1157"", ""pick_order"": 9}]","[""c2011"", ""c4158""]","[""c2106"", ""c2113""]",losing_team
"[{""hero_code"": ""c2042"", ""pick_order"": 1}, {""hero_code"": ""c1103"", ""pick_order"": 4}, {""hero_code"": ""c2112"", ""pick_order"": 5}, {""hero_code"": ""c2024"", ""pick_order"": 8}, {""hero_code"": ""c1130"", ""pick_order"": 9}]","[{""hero_code"": ""c2090"", ""pick_order"": 2}, {""hero_code"": ""c1159"", ""pick_order"": 3}, {""hero_code"": ""c2043"", ""pick_order"": 6}, {""hero_code"": ""c2007"", ""pick_order"": 7}, {""hero_code"": ""c1014"", ""pick_order"": 10}]","[""c2011"", ""c4158""]","[""c2106"", ""c1153""]",winning_team
"[{""hero_code"": ""c2042"", ""pick_order"": 1}, {""hero_code"": ""c2066"", ""pick_order"": 4}, {""hero_code"": ""c2089"", ""pick_order"": 5}, {""hero_code"": ""c1112"", ""pick_order"": 8}, {""hero_code"": ""c2016"", ""pick_order"": 9}]","[{""hero_code"": ""c2112"", ""pick_order"": 2}, {""hero_code"": ""c1055"", ""pick_order"": 3}, {""hero_code"": ""c1163"", ""pick_order"": 6}, {""hero_code"": ""c2102"", ""pick_order"": 7}, {""hero_code"": ""c1151"", ""pick_order"": 10}]","[""c2011"", ""c4158""]","[""c2113"", ""c1153""]",winning_team
"[{""hero_code"": ""c2066"", ""pick_order"": 2}, {""hero_code"": ""c2090"", ""pick_order"": 3}, {""hero_code"": ""c1103"", ""pick_order"": 6}, {""hero_code"": ""c2111"", ""pick_order"": 7}, {""hero_code"": ""c2024"", ""pick_order"": 10}]","[{""hero_code"": ""c5110"", ""pick_order"": 1}, {""hero_code"": ""c1117"", ""pick_order"": 4}, {""hero_code"": ""c6017"", ""pick_order"": 5}, {""hero_code"": ""c2007"", ""pick_order"": 8}, {""hero_code"": ""c1151"", ""pick_order"": 9}]","[""c2011"", ""c4158""]","[""c1153"", ""c2112""]",losing_team
"[{""hero_code"": ""c5110"", ""pick_order"": 1}, {""hero_code"": ""c2042"", ""pick_order"": 4}, {""hero_code"": ""c1153"", ""pick_order"": 5}, {""hero_code"": ""c4005"", ""pick_order"": 8}, {""hero_code"": ""c2079"", ""pick_order"": 9}]","[{""hero_code"": ""c2113"", ""pick_order"": 2}, {""hero_code"": ""c2066"", ""pick_order"": 3}, {""hero_code"": ""c2071"", ""pick_order"": 6}, {""hero_code"": ""c2073"", ""pick_order"": 7}, {""hero_code"": ""c5149"", ""pick_order"": 10}]","[""c2011"", ""c4158""]","[""c2112"", ""c2090""]",winning_team
"[{""hero_code"": ""c2042"", ""pick_order"": 2}, {""hero_code"": ""c2066"", ""pick_order"": 3}, {""hero_code"": ""c2112"", ""pick_order"": 6}, {""hero_code"": ""c1019"", ""pick_order"": 7}, {""hero_code"": ""c2132"", ""pick_order"": 10}]","[{""hero_code"": ""c2113"", ""pick_order"": 1}, {""hero_code"": ""c2106"", ""pick_order"": 4}, {""hero_code"": ""c1159"", ""pick_order"": 5}, {""hero_code"": ""c1103"", ""pick_order"": 8}, {""hero_code"": ""c2090"", ""pick_order"": 9}]","[""c2011"", ""c4158""]","[""c2011"", ""c1153""]",losing_team
"[{""hero_code"": ""c2113"", ""pick_order"": 2}, {""hero_code"": ""c2090"", ""pick_order"": 3}, {""hero_code"": ""c1121"", ""pick_order"": 6}, {""hero_code"": ""c1125"", ""pick_order"": 7}, {""hero_code"": ""c2109"", ""pick_order"": 10}]","[{""hero_code"": ""c2042"", ""pick_order"": 1}, {""hero_code"": ""c1103"", ""pick_order"": 4}, {""hero_code"": ""c2112"", ""pick_order"": 5}, {""hero_code"": ""c2004"", ""pick_order"": 8}, {""hero_code"": ""c1014"", ""pick_order"": 9}]","[""c1153"", ""c2066""]","[""c2011"", ""c4158""]",losing_team
"[{""hero_code"": ""c2042"", ""pick_order"": 1}, {""hero_code"": ""c5110"", ""pick_order"": 4}, {""hero_code"": ""c1153"", ""pick_order"": 5}, {""hero_code"": ""c2132"", ""pick_order"": 8}, {""hero_code"": ""c2095"", ""pick_order"": 9}]","[{""hero_code"": ""c2090"", ""pick_order"": 2}, {""hero_code"": ""c2016"", ""pick_order"": 3}, {""hero_code"": ""c1133"", ""pick_order"": 6}, {""hero_code"": ""c2111"", ""pick_order"": 7}, {""hero_code"": ""c1130"", ""pick_order"": 10}]","[""c2011"", ""c4158""]","[""c2113"", ""c2066""]",winning_team
"[{""hero_code"": ""c2042"", ""pick_order"": 2}, {""hero_code"": ""c5110"", ""pick_order"": 3}, {""hero_code"": ""c2073"", ""pick_order"": 6}, {""hero_code"": ""c2066"", ""pick_order"": 7}, {""hero_code"": ""c2132"", ""pick_order"": 10}]","[{""hero_code"": ""c2113"", ""pick_order"": 1}, {""hero_code"": ""c1153"", ""pick_order"": 4}, {""hero_code"": ""c2090"", ""pick_order"": 5}, {""hero_code"": ""c2111"", ""pick_order"": 8}, {""hero_code"": ""c1117"", ""pick_order"": 9}]","[""c2011"", ""c4158""]","[""c2112"", ""c1118""]",losing_team
"[{""hero_code"": ""c2042"", ""pick_order"": 1}, {""hero_code"": ""c1103"", ""pick_order"": 4}, {""hero_code"": ""c2112"", ""pick_order"": 5}, {""hero_code"": ""c1163"", ""pick_order"": 8}, {""hero_code"": ""c2102"", ""pick_order"": 9}]","[{""hero_code"": ""c2090"", ""pick_order"": 2}, {""hero_code"": ""c2113"", ""pick_order"": 3}, {""hero_code"": ""c5111"", ""pick_order"": 6}, {""hero_code"": ""c2066"", ""pick_order"": 7}, {""hero_code"": ""c2016"", ""pick_order"": 10}]","[""c2011"", ""c4158""]","[""c2011"", ""c1153""]",winning_team
"[{""hero_code"": ""c2042"", ""pick_order"": 1}, {""hero_code"": ""c1163"", ""pick_order"": 4}, {""hero_code"": ""c1080"", ""pick_order"": 5}, {""hero_code"": ""c5016"", ""pick_order"": 8}, {""hero_code"": ""c6062"", ""pick_order"": 9}]","[{""hero_code"": ""c2066"", ""pick_order"": 2}, {""hero_code"": ""c2112"", ""pick_order"": 3}, {""hero_code"": ""c1133"", ""pick_order"": 6}, {""hero_code"": ""c5046"", ""pick_order"": 7}, {""hero_code"": ""c2102"", ""pick_order"": 10}]","[""c2011"", ""c4158""]","[""c2113"", ""c1153""]",winning_team
"[{""hero_code"": ""c2090"", ""pick_order"": 2}, {""hero_code"": ""c2066"", ""pick_order"": 3}, {""hero_code"": ""c2016"", ""pick_order"": 6}, {""hero_code"": ""c6062"", ""pick_order"": 7}, {""hero_code"": ""c1091"", ""pick_order"": 10}]","[{""hero_code"": ""c2042"", ""pick_order"": 1}, {""hero_code"": ""c1163"", ""pick_order"": 4}, {""hero_code"": ""c1080"", ""pick_order"": 5}, {""hero_code"": ""c5110"", ""pick_order"": 8}, {""hero_code"": ""c2080"", ""pick_order"": 9}]","[""c1153"", ""c2112""]","[""c2011"", ""c4158""]",losing_team
"[{""hero_code"": ""c2042"", ""pick_order"": 2}, {""hero_code"": ""c1103"", ""pick_order"": 3}, {""hero_code"": ""c2112"", ""pick_order"": 6}, {""hero_code"": ""c5110"", ""pick_order"": 7}, {""hero_code"": ""c1055"", ""pick_order"": 10}]","[{""hero_code"": ""c2090"", ""pick_order"": 1}, {""hero_code"": ""c2113"", ""pick_order"": 4}, {""hero_code"": ""c1159"", ""pick_order"": 5}, {""hero_code"": ""c1112"", ""pick_order"": 8}, {""hero_code"": ""c1117"", ""pick_order"": 9}]","[""c2011"", ""c4158""]","[""c2066"", ""c1153""]",losing_team
"[{""hero_code"": ""c2042"", ""pick_order"": 2}, {""hero_code"": ""c5110"", ""pick_order"": 3}, {""hero_code"": ""c1153"", ""pick_order"": 6}, {""hero_code"": ""c2073"", ""pick_order"": 7}, {""hero_code"": ""c2090"", ""pick_order"": 10}]","[{""hero_code"": ""c2066"", ""pick_order"": 1}, {""hero_code"": ""c2089"", ""pick_order"": 4}, {""hero_code"": ""c2113"", ""pick_order"": 5}, {""hero_code"": ""c1129"", ""pick_order"": 8}, {""hero_code"": ""c2074"", ""pick_order"": 9}]","[""c2011"", ""c4158""]","[""c2112"", ""c1151""]",losing_team
"[{""hero_code"": ""c2042"", ""pick_order"": 2}, {""hero_code"": ""c5110"", ""pick_order"": 3}, {""hero_code"": ""c1153"", ""pick_order"": 6}, {""hero_code"": ""c1100"", ""pick_order"": 7}, {""hero_code"": ""c1104"", ""pick_order"": 10}]","[{""hero_code"": ""c2113"", ""pick_order"": 1}, {""hero_code"": ""c2049"", ""pick_order"": 4}, {""hero_code"": ""c2071"", ""pick_order"": 5}, {""hero_code"": ""c6017"", ""pick_order"": 8}, {""hero_code"": ""c2106"", ""pick_order"": 9}]","[""c2011"", ""c4158""]","[""c2066"", ""c1151""]",losing_team
"[{""hero_code"": ""c5110"", ""pick_order"": 1}, {""hero_code"": ""c2042"", ""pick_order"": 4}, {""hero_code"": ""c1153"", ""pick_order"": 5}, {""hero_code"": ""c2132"", ""pick_order"": 8}, {""hero_code"": ""c2066"", ""pick_order"": 9}]","[{""hero_code"": ""c1133"", ""pick_order"": 2}, {""hero_code"": ""c2090"", ""pick_order"": 3}, {""hero_code"": ""c2111"", ""pick_order"": 6}, {""hero_code"": ""c1137"", ""pick_order"": 7}, {""hero_code"": ""c1089"", ""pick_order"": 10}]","[""c2011"", ""c4158""]","[""c1151"", ""c2011""]",winning_team
"[{""hero_code"": ""c2042"", ""pick_order"": 1}, {""hero_code"": ""c1103"", ""pick_order"": 4}, {""hero_code"": ""c2112"", ""pick_order"": 5}, {""hero_code"": ""c1055"", ""pick_order"": 8}, {""hero_code"": ""c2111"", ""pick_order"": 9}]","[{""hero_code"": ""c2089"", ""pick_order"": 2}, {""hero_code"": ""c5110"", ""pick_order"": 3}, {""hero_code"": ""c2109"", ""pick_order"": 6}, {""hero_code"": ""c2008"", ""pick_order"": 7}, {""hero_code"": ""c1144"", ""pick_order"": 10}]","[""c2011"", ""c4158""]","[""c1153"", ""c2066""]",winning_team
"[{""hero_code"": ""c2066"", ""pick_order"": 2}, {""hero_code"": ""c2113"", ""pick_order"": 3}, {""hero_code"": ""c2112"", ""pick_order"": 6}, {""hero_code"": ""c1133"", ""pick_order"": 7}, {""hero_code"": ""c2004"", ""pick_order"": 10}]","[{""hero_code"": ""c2106"", ""pick_order"": 1}, {""hero_code"": ""c2090"", ""pick_order"": 4}, {""hero_code"": ""c2024"", ""pick_order"": 5}, {""hero_code"": ""c1014"", ""pick_order"": 8}, {""hero_code"": ""c1020"", ""pick_order"": 9}]","[""c2011"", ""c4158""]","[""c1153"", ""c2042""]",losing_team
"[{""hero_code"": ""c2042"", ""pick_order"": 2}, {""hero_code"": ""c2066"", ""pick_order"": 3}, {""hero_code"": ""c1103"", ""pick_order"": 6}, {""hero_code"": ""c2089"", ""pick_order"": 7}, {""hero_code"": ""c2111"", ""pick_order"": 10}]","[{""hero_code"": ""c2090"", ""pick_order"": 1}, {""hero_code"": ""c1117"", ""pick_order"": 4}, {""hero_code"": ""c6017"", ""pick_order"": 5}, {""hero_code"": ""c5110"", ""pick_order"": 8}, {""hero_code"": ""c1156"", ""pick_order"": 9}]","[""c2011"", ""c4158""]","[""c2112"", ""c1153""]",losing_team
"[{""hero_code"": ""c5110"", ""pick_order"": 1}, {""hero_code"": ""c2073"", ""pick_order"": 4}, {""hero_code"": ""c1153"", ""pick_order"": 5}, {""hero_code"": ""c2111"", ""pick_order"": 8}, {""hero_code"": ""c2113"", ""pick_order"": 9}]","[{""hero_code"": ""c2042"", ""pick_order"": 2}, {""hero_code"": ""c2090"", ""pick_order"": 3}, {""hero_code"": ""c2088"", ""pick_order"": 6}, {""hero_code"": ""c1159"", ""pick_order"": 7}, {""hero_code"": ""c2071"", ""pick_order"": 10}]","[""c2011"", ""c4158""]","[""c2066"", ""c2112""]",winning_team
"[{""hero_code"": ""c1153"", ""pick_order"": 2}, {""hero_code"": ""c2042"", ""pick_order"": 3}, {""hero_code"": ""c4005"", ""pick_order"": 6}, {""hero_code"": ""c1141"", ""pick_order"": 7}, {""hero_code"": ""c2132"", ""pick_order"": 10}]","[{""hero_code"": ""c5110"", ""pick_order"": 1}, {""hero_code"": ""c2090"", ""pick_order"": 4}, {""hero_code"": ""c1091"", ""pick_order"": 5}, {""hero_code"": ""c1129"", ""pick_order"": 8}, {""hero_code"": ""c2039"", ""pick_order"": 9}]","[""c2011"", ""c4158""]","[""c2113"", ""c2066""]",losing_team
